PAID,Constituency,Cnty,Region,CON,LAB,UKIP,LD,SNP,G,DUP,PC,SF,UUP,SDLP,Ind,Others,Votes,tpc,Winnervotes,Maj.,Winner%,win
1,Aberavon,,WAL,"5,901","22,662","1,345",599,,,,"2,761",,,,,,"33,268",66.70%,"22,662","10,445",68.11%,Lab
2,Aberconwy,,WAL,"12,513","8,514","3,467","1,391",,727,,"3,536",,,,,,"30,148",66.20%,"12,513","3,999",39.69%,Con
3,Aberdeen North,,SCO,"5,304","11,397",,"2,050","24,793",,,,,,,,392,"43,936",64.90%,"24,793","13,396",56.43%,SNP
4,Aberdeen South,,SCO,"11,087","12,991",897,"2,252","20,221",964,,,,,,139,,"48,551",71.30%,"20,221","7,230",41.65%,SNP
6,Airdrie and Shotts,,SCO,"3,389","15,108","1,088",678,"23,887",,,,,,,136,,"44,286",66.40%,"23,887","8,779",53.94%,SNP
7,Aldershot,HAM,SEE,"23,369","8,468","8,253","4,076",,"2,025",,,,,,,,"46,191",63.80%,"23,369","14,901",50.59%,Con
8,Aldridge-Brownhills,W M,WM,"20,558","8,835","7,751","1,330",,826,,,,,,,197,"39,497",65.60%,"20,558","11,723",52.05%,Con
9,Altrincham & Sale West,G M,NWE,"26,771","13,481","4,047","4,235",,"1,983",,,,,,,,"50,517",70.20%,"26,771","13,290",52.99%,Con
10,Alyn & Deeside,,WAL,"13,197","16,540","7,260","1,733",,976,,"1,608",,,,,,"41,314",66.60%,"16,540","3,343",40.03%,Lab
11,Amber Valley,DER,EM,"20,106","15,901","7,263","1,360",,"1,087",,,,,,,,"45,717",65.10%,"20,106","4,205",43.98%,Con
12,Angus,,SCO,"12,900","3,919","1,355","1,216","24,130",965,,,,,,,,"44,485",67.60%,"24,130","11,230",54.24%,SNP
16,Arfon,,WAL,"3,521","8,122","2,277",718,,,,"11,790",,,,,409,"26,837",66.30%,"11,790","3,668",43.93%,PC
17,Argyll & Bute,,SCO,"7,733","5,394","1,311","14,486","22,959",,,,,,,,,"51,883",75.30%,"22,959","8,473",44.25%,SNP
18,Arundel & South Downs,W S,SEE,"34,331","6,324","8,154","4,062",,"3,606",,,,,,,,"56,477",73.10%,"34,331","26,177",60.79%,Con
19,Ashfield,NTG,EM,"10,628","19,448","10,150","7,030",,,,,,,,,153,"47,409",61.50%,"19,448","8,820",41.02%,Lab
20,Ashford,KEN,SEE,"30,094","10,580","10,798","3,433",,"2,467",,,,,,,,"57,372",67.30%,"30,094","19,296",52.45%,Con
21,Ashton-under-Lyne,G M,NWE,"8,610","19,366","8,468",943,,"1,531",,,,,,,,"38,918",57.50%,"19,366","10,756",49.76%,Lab
22,Aylesbury,BUC,SEE,"28,083","8,391","10,925","5,885",,"2,135",,,,,,,,"55,419",68.70%,"28,083","17,158",50.67%,Con
23,"Ayr, Carrick & Cumnock",,SCO,"10,355","14,227","1,280",855,"25,492",,,,,,,,,"52,209",71.50%,"25,492","11,265",48.83%,SNP
26,Banbury,OXF,SEE,"30,749","12,354","8,050","3,440",,"2,686",,,,,,,729,"58,008",65.60%,"30,749","18,395",53.01%,Con
27,Banff & Buchan,,SCO,"13,148","2,647",,"2,347","27,487",,,,,,,,,"45,629",,"27,487","14,339",60.24%,SNP
28,Barking,LON,LON,"7,019","24,826","9,554",562,,879,,,,,,,183,"43,023",,"24,826","15,272",57.70%,Lab
29,Barnsley Central,S Y,YH,"5,485","20,376","7,941",770,,938,,,,,,,"1,050","36,560",,"20,376","12,435",55.73%,Lab
30,Barnsley East,S Y,YH,"5,622","21,079","9,045","1,217",,,,,,,,,"1,554","38,517",,"21,079","12,034",54.73%,Lab
31,Barrow & Furness,CUM,YH,"17,525","18,320","5,070","1,169",,"1,061",,,,,,130,,"43,275",,"18,320",795,42.33%,Lab
32,Basildon & Billericay,ESS,EE,"22,668","10,186","8,538","1,636",,,,,,,,,,"43,028",,"22,668","12,482",52.68%,Con
34,Basingstoke,HAM,SEE,"25,769","14,706","8,290","3,919",,,,,,,,392,,"53,076",,"25,769","11,063",48.55%,Con
35,Bassetlaw,NTG,EM,"15,122","23,965","7,865","1,331",,"1,006",,,,,,,,"49,289",,"23,965","8,843",48.62%,Lab
36,Bath,AVO,SWE,"17,833","6,216","2,922","14,000",,"5,634",,,,,,499,63,"47,167",,"17,833","3,833",37.81%,Con
37,Batley & Spen,W Y,YH,"15,769","21,826","9,080","2,396",,"1,232",,,,,,,176,"50,479",,"21,826","6,057",43.24%,Lab
38,Battersea,LON,LON,"26,730","18,792","1,586","2,241",,"1,682",,,,,,,,"51,031",,"26,730","7,938",52.38%,Con
39,Beaconsfield,BUC,SEE,"33,621","6,074","7,310","3,927",,"2,231",,,,,,,,"53,163",,"33,621","26,311",63.24%,Con
40,Beckenham,LON,LON,"27,955","9,484","6,108","3,378",,"1,878",,,,,,,,"48,803",,"27,955","18,471",57.28%,Con
41,Bedford,BED,EE,"19,625","18,528","4,434","1,958",,"1,412",,,,,,129,,"46,086",,"19,625","1,097",42.58%,Con
45,Belfast East,,NI,1121,,,16978,,1058,19575,,823,,127,,,39682,62.80%,19575,2597,49.30%,DUP
46,Belfast North,,NI,,,,2941,,,19096,,13770,,3338,529,919,40593,59.20%,19096,5326,47%,DUP
47,Belfast South,,NI,582,,1900,6711,,2238,8654,,5402,3549,9560,,361,38957,60%,9560,906,24.50%,SDLP
48,Belfast West,,NI,34,,765,636,,,2773,,19163,1088,3475,,7395,35329,56.30%,19163,12365,54.20%,SF
49,Bermondsey & Old Southwark,LON,LON,"6,051","22,146","3,254","17,657",,"2,023",,,,,,,293,"51,424",,"22,146","4,489",43.06%,Lab
50,Berwick-upon-Tweed,NHB,NEE,"16,603","6,042","4,513","11,689",,"1,488",,,,,,,88,"40,423",,"16,603","4,914",41.07%,Con
51,"Berwickshire, Roxburgh & Selkirk",,SCO,"19,817","2,700","1,316","10,294","20,145",631,,,,,,,135,"55,038",,"20,145",328,36.60%,SNP
52,Bethnal Green & Bow,LON,LON,"8,070","32,387","3,219","2,395",,"4,906",,,,,,,"1,947","52,924",,"32,387","24,317",61.19%,Lab
53,Beverley & Holderness,E Y,YH,"25,363","13,160","8,794","2,900",,"1,802",,,,,,,658,"52,677",,"25,363","12,203",48.14%,Con
54,Bexhill & Battle,E S,SEE,"30,245","7,797","10,170","4,199",,"2,807",,,,,,,,"55,218",,"30,245","20,075",54.77%,Con
55,Bexleyheath & Crayford,LON,LON,"20,643","11,451","9,182","1,308",,950,,,,,,,151,"43,685",,"20,643","9,192",47.25%,Con
56,Birkenhead,MER,NWE,"5,816","26,468","3,838","1,396",,"1,626",,,,,,,,"39,144",,"26,468","20,652",67.62%,Lab
57,Birmingham Edgbaston,W M,WM,"15,812","18,518","4,154","1,184",,"1,371",,,,,,91,163,"41,293",,"18,518","2,706",44.85%,Lab
58,Birmingham Erdington,W M,WM,"10,695","15,824","6,040",965,,948,,,,,,,212,"34,684",,"15,824","5,129",45.62%,Lab
59,Birmingham Hall Green,W M,WM,"8,329","28,147","2,131","5,459",,"2,200",,,,,,,780,"47,046",,"28,147","19,818",59.83%,Lab
60,Birmingham Hodge Hill,W M,WM,"4,707","28,069","4,651","2,624",,835,,,,,,,153,"41,039",,"28,069","23,362",68.40%,Lab
61,Birmingham Ladywood,W M,WM,"4,576","26,444","1,805","1,374",,"1,501",,,,,,,216,"35,916",,"26,444","21,868",73.63%,Lab
62,Birmingham Northfield,W M,WM,"15,164","17,673","7,106","1,349",,"1,169",,,,,,,,"42,461",,"17,673","2,509",41.62%,Lab
63,Birmingham Perry Barr,W M,WM,"8,869","23,697","5,032","2,001",,"1,330",,,,,,,331,"41,260",,"23,697","14,828",57.43%,Lab
64,Birmingham Selly Oak,W M,WM,"13,137","21,584","5,755","2,517",,"2,301",,,,,,,,"45,294",,"21,584","8,447",47.65%,Lab
65,Birmingham Yardley,W M,WM,"5,760","17,129","6,637","10,534",,698,,,,,,,393,"41,151",,"17,129","6,595",41.62%,Lab
66,Bishop Auckland,DUR,NEE,"12,799","16,307","7,015","1,723",,"1,545",,,,,,,,"39,389",,"16,307","3,508",41.40%,Lab
67,Blackburn,LAN,NWE,"12,002","24,762","6,280",955,,,,,,,,,,"43,999",,"24,762","12,760",56.28%,Lab
68,Blackley & Broughton,G M,NWE,"5,581","22,982","6,108",874,,"1,567",,,,,,,,"37,112",,"22,982","16,874",61.93%,Lab
69,Blackpool North & Cleveleys,LAN,NWE,"17,508","14,168","5,823",948,,889,,,,,,,57,"39,393",,"17,508","3,340",44.44%,Con
70,Blackpool South,LAN,NWE,"10,963","13,548","5,613",743,,841,,,,,,728,,"32,436",,"13,548","2,585",41.77%,Lab
71,Blaenau Gwent,,WAL,"3,419","18,380","5,677",620,,738,,"2,849",,,,,,"31,683",,"18,380","12,703",58.01%,Lab
72,Blaydon,T W,NEE,"7,838","22,090","7,863","5,497",,"1,648",,,,,,,,"44,936",,"22,090","14,227",49.16%,Lab
73,Blyth Valley,NHB,NEE,"8,346","17,813","8,584","2,265",,"1,453",,,,,,,,"38,461",,"17,813","9,229",46.31%,Lab
74,Bognor Regis & Littlehampton,W S,SEE,"24,185","6,508","10,241","4,240",,"1,942",,,,,,,,"47,116",,"24,185","13,944",51.33%,Con
75,Bolsover,DER,EM,"10,764","22,542","9,228","1,464",,,,,,,,,,"43,998",,"22,542","11,778",51.23%,Lab
76,Bolton North East,G M,NWE,"14,164","18,541","8,117","1,236",,"1,103",,,,,,,,"43,161",,"18,541","4,377",42.96%,Lab
77,Bolton South East,G M,NWE,"8,289","20,555","9,627","1,072",,"1,200",,,,,,,,"40,743",,"20,555","10,928",50.45%,Lab
78,Bolton West,G M,NWE,"19,744","18,943","7,428","1,947",,,,,,,,321,209,"48,592",,"19,744",801,40.63%,Con
79,Bootle,MER,NWE,"3,639","33,619","4,915",978,,"1,501",,,,,,,500,"45,152",,"33,619","28,704",74.46%,Lab
80,Boston & Skegness,LIN,EM,"18,981","7,142","14,645","1,015",,800,,,,,,170,586,"43,339",,"18,981","4,336",43.80%,Con
81,Bosworth,LEI,EM,22939,9354,9338,11951,,,,,,,,,,53582,67%,22939,10988,42.81%,Con
82,Bournemouth East,DOR,SWE,"22,060","7,448","7,401","3,752",,"3,263",,,,,,,903,"44,827",,"22,060","14,612",49.21%,Con
83,Bournemouth West,DOR,SWE,"20,155","7,386","7,745","3,281",,"3,107",,,,,,,99,"41,773",,"20,155","12,410",48.25%,Con
84,Bracknell,BER,SEE,"29,606","8,956","8,339","3,983",,"2,202",,,,,,,,"53,086",,"29,606","20,650",55.77%,Con
85,Bradford East,W Y,YH,"4,682","19,312","4,103","12,228",,871,,,,,,,210,"41,406",,"19,312","7,084",46.64%,Lab
86,Bradford South,W Y,YH,"9,878","16,328","9,057","1,094",,"1,243",,,,,,,,"37,600",,"16,328","6,450",43.43%,Lab
87,Bradford West,W Y,YH,"6,160","19,977","3,140","1,173",,"1,085",,,,,,100,"8,655","40,290",,"19,977","11,420",49.58%,Lab
88,Braintree,ESS,EE,"27,071","9,296","9,461","2,488",,"1,564",,,,,,295,108,"50,283",,"27,071","17,610",53.84%,Con
89,Brecon & Radnorshire,,WAL,"16,453","5,904","3,338","11,351",,"1,261",,"1,767",,,,,,"40,074",,"16,453","5,102",41.06%,Con
90,Brent Central,LON,LON,"9,567","29,216","1,850","3,937",,"1,912",,,,,,145,405,"47,032",,"29,216","19,649",62.12%,Lab
91,Brent North,LON,LON,"17,517","28,351","2,024","2,607",,"1,539",,,,,,197,,"52,235",,"28,351","10,834",54.28%,Lab
92,Brentford & Isleworth,LON,LON,"24,631","25,096","3,203","2,305",,"2,120",,,,,,,,"57,355",,"25,096",465,43.76%,Lab
93,Brentwood & Ongar,ESS,EE,"30,534","6,492","8,724","4,577",,"1,397",,,,,,,173,"51,897",,"30,534","21,810",58.84%,Con
94,Bridgend,,WAL,"12,697","14,624","5,911","1,648",,736,,"2,784",,,,763,290,"39,453",,"14,624","1,927",37.07%,Lab
95,Bridgwater & Somerset West,SOM,SWE,"25,020","9,589","10,437","6,765",,"2,636",,,,,,,,"54,447",,"25,020","14,583",45.95%,Con
96,Brigg & Goole,E Y,YH,"22,946","11,770","6,694",764,,915,,,,,,153,28,"43,270",,"22,946","11,176",53.03%,Con
97,Brighton Kemptown,E S,SEE,"18,428","17,738","4,446","1,365",,"3,187",,,,,,69,73,"45,306",,"19,744",690,40.67%,Con
98,Brighton Pavilion,E S,SEE,"12,448","14,904","2,724","1,525",,"22,871",,,,,,116,88,"54,676",,"22,871","7,967",41.83%,Green
99,Bristol East,AVO,SWE,"14,168","18,148","7,152","2,689",,"3,827",,,,,,,229,"46,213",,"18,148","3,980",39.27%,Lab
100,Bristol North West,AVO,SWE,"22,767","17,823","4,889","3,214",,"2,952",,,,,,,160,"51,805",,"22,767","4,944",43.95%,Con
101,Bristol South,AVO,SWE,"12,377","19,505","8,381","4,416",,"5,861",,,,,,,302,"50,842",,"19,505","7,128",38.36%,Lab
102,Bristol West,AVO,SWE,"9,752","22,900","1,940","12,103",,"17,227",,,,,,,296,"64,218",,"22,900","5,673",35.66%,Lab
103,Broadland,NFK,EE,"26,808","9,970","8,881","5,178",,"2,252",,,,,,,,"53,089",,"26,808","16,838",50.50%,Con
104,Bromley & Chislehurst,LON,LON,"23,343","9,779","6,285","2,836",,"1,823",,,,,,,,"44,066",,"23,343","13,564",52.97%,Con
105,Bromsgrove,WOR,WM,"28,133","11,604","8,163","2,616",,"1,729",,,,,,,,"52,245",,"28,133","16,529",53.85%,Con
106,Broxbourne,HTF,EE,"25,797","8,470","9,074","1,467",,"1,216",,,,,,,,"46,024",,"25,797","16,723",56.05%,Con
107,Broxtowe,NTG,EM,"24,163","19,876","5,674","2,120",,"1,544",,,,,,,63,"53,440",,"24,163","4,287",45.22%,Con
108,Buckingham,BUC,SEE,,,"11,675",,,"7,400",,,,,,,"34,617","53,692",,"34,617","22,942",64.47%,Spk
109,Burnley,LAN,NWE,"5,374","14,951","6,864","11,707",,850,,,,,,,,"39,746",,"14,951",8087,37.62%,Lab
110,Burton,STA,WM,"24,736","13,484","8,658","1,232",,"1,224",,,,,,,,"49,334",,"24,736","11,252",50.14%,Con
111,Bury North,G M,NWE,"18,970","18,592","5,595",932,,"1,141",,,,,,,,"45,230",,"18,970",378,41.94%,Con
112,Bury South,G M,NWE,"16,350","21,272","6,299","1,690",,"1,434",,,,,,,170,"47,215",,"21,272","4,922",45.05%,Lab
113,Bury St Edmunds,SUF,EE,"31,815","10,514","8,739","3,581",,"4,692",,,,,,,,"59,341",,"31,815","21,301",53.61%,Con
114,Caerphilly,,WAL,"6,683","17,864","7,791",935,,937,,"5,895",,,,,178,"40,283",,"17,864","10,073",44.35%,Lab
115,"Caithness, Sutherland & Easter Ross",,SCO,"2,326","3,061",981,"11,987","15,831",,,,,,,,,"34,186",,"15,831","3,844",46.31%,SNP
116,Calder Valley,W Y,YH,"23,354","18,927","5,950","2,666",,"2,090",,,,,,,554,"53,541",,"23,354","4,427",43.62%,Con
117,Camberwell & Peckham,LON,LON,"6,790","32,614","2,413","2,580",,"5,187",,,,,,,"1,977","51,561",,"32,614","25,824",63.25%,Lab
118,Camborne & Redruth,COR,SWE,"18,452","11,448","6,776","5,687",,"2,608",,,,,,,897,"45,868",,"18,452","7,004",40.23%,Con
119,Cambridge,CAM,EE,"8,117","18,646","2,668","18,047",,"4,109",,,,,,,187,"51,774",,"18,646",599,36.01%,Lab
124,Cannock Chase,STA,WM,"20,811","15,888","8,224","1,270",,906,,,,,,,,"47,099",,"20,811","4,923",44.19%,Con
125,Canterbury,KEN,SEE,"22,918","13,120","7,289","6,227",,"3,746",,,,,,,165,"53,465",,"22,918","9,798",42.87%,Con
126,Cardiff Central,,WAL,"5,674","15,462","2,499","10,481",,"2,461",,"1,925",,,,34,110,"38,646",,"15,462","4,981",40.01%,Lab
127,Cardiff North,,WAL,"21,709","19,572","3,953","1,953",,"1,254",,"2,301",,,,,409,"51,151",,"21,709",2137,42.44%,Con
128,Cardiff South & Penarth,,WAL,"12,513","19,966","6,423","2,318",,"1,746",,"3,443",,,,,258,"46,667",,"19,966","7,453",42.78%,Lab
129,Cardiff West,,WAL,"11,014","17,803","4,923","2,069",,"1,704",,"6,096",,,,,183,"43,792",,"17,803","6,789",40.65%,Lab
130,Carlisle,CUM,NWE,"18,873","16,099","5,277","1,087",,"1,125",,,,,,126,,"42,587",,"18,873","2,774",44.32%,Con
131,Carmarthen East & Dinefwr,,WAL,"8,336","9,541","4,363",928,,"1,091",,"15,140",,,,,,"39,399",,"15,140","5,599",38.43%,PC
132,Carmarthen West & Pembrokeshire South,,WAL,"17,626","11,572","4,698",963,,"1,290",,"4,201",,,,,,"40,350",,"17,626","6,054",43.68%,Con
133,Carshalton & Wallington,LON,LON,"15,093","7,150","7,049","16,603",,"1,492",,,,,,,226,"47,613",,"16,603","1,510",34.87%,LD
134,Castle Point,ESS,EE,"23,112","6,283","14,178",801,,"1,076",,,,,,,,"45,450",,"23,112","8,934",50.85%,Con
24,Central Ayrshire,,SCO,"8,803","13,410",,917,"26,999",645,,,,,,,,"50,774",72.60%,"26,999","13,589",53.17%,SNP
188,Central Devon,DEV,SWE,28436,6985,7171,6643,,4866,,,,,,,347,54448,74.90%,28436,21265,52.20%,Con
547,Central Suffolk and North Ipswich,SUF,EE,30317,10173,7459,3314,,2664,,,,,,,162,54089,68.70%,30317,20144,56.10%,Con
135,Ceredigion,,WAL,"4,123","3,615","3,829","13,414",,"2,088",,"10,347",,,,,,"37,416",,"13,414","3,067",35.85%,LD
136,Charnwood,LEI,EM,"28,384","11,453","8,330","3,605",,,,,,,,,489,"52,261",,"28,384","16,931",54.31%,Con
137,Chatham & Aylesford,KEN,SEE,"21,614","10,159","8,581","1,360",,"1,101",,,,,,,258,"43,073",,"21,614","11,455",50.18%,Con
139,Cheadle,G M,NWE,"22,889","8,673","4,423","16,436",,,,,,,,390,284,"53,095",,"22,889","6,453",43.11%,Con
130,Chelmsford,ESS,EE,"27,732","9,482","7,652","6,394",,"1,892",,,,,,,665,"53,817",,"27,732","18,250",51.53%,Con
140,Chelsea & Fulham,LON,LON,"25,322","9,300","2,039","2,091",,"1,474",,,,,,,,"40,226",,"25,322","16,022",62.95%,Con
141,Cheltenham,GLO,SWE,"24,790","3,902","3,808","18,274",,"2,689",,,,,,272,,"53,735",,"24,790","6,516",46.13%,Con
142,Chesham & Amersham,BUC,SEE,"31,138","6,712","7,218","4,761",,"2,902",,,,,,,,"52,731",,"31,138","23,920",59.05%,Con
143,"Chester, City of",CHE,NWE,"22,025","22,118","4,148","2,870",,,,,,,,,,"51,161",,"22,118",93,43.23%,Lab
144,Chesterfield,DER,EM,"8,231","21,829","7,523","6,301",,"1,352",,,,,,,331,"45,567",,"21,829","13,598",47.91%,Lab
145,Chichester,W S,SEE,"32,953","6,933","8,540","4,865",,"3,742",,,,,,,106,"57,139",,"32,953","24,413",57.67%,Con
146,Chingford & Woodford Green,LON,LON,"20,999","12,613","5,644","2,400",,"1,854",,,,,,,294,"43,804",,"20,999","8,386",47.94%,Con
147,Chippenham,WIL,SWE,"26,354","4,561","5,884","16,278",,"2,330",,,,,,,,"55,407",,"26,354","10,076",47.56%,Con
148,Chipping Barnet,LON,LON,"25,759","18,103","4,151","2,381",,"2,501",,,,,,118,,"53,013",,"25,759","7,656",48.59%,Con
149,Chorley,LAN,NWE,"18,792","23,322","6,995","1,354",,"1,111",,,,,,138,,"51,712",,"23,322","4,530",45.10%,Lab
150,Christchurch,DOR,SWE,"28,887","4,745","10,663","3,263",,"2,149",,,,,,,,"49,707",,"28,887","18,224",58.11%,Con
151,Cities of London & Westminster,LON,LON,"19,570","9,899","1,894","2,521",,"1,953",,,,,,,348,"36,185",,"19,570","9,671",54.08%,Con
214,City of Durham,,NEE,10157,21596,5232,5153,,2687,,,,,,,844,45669,66.40%,21596,11439,47.30%,Lab
152,Clacton,ESS,EE,"16,205","6,364","19,642",812,,"1,184",,,,,,,,"44,207",,"19,642","3,437",44.43%,UKIP
153,Cleethorpes,LIN,NEE,"21,026","13,133","8,356","1,346",,"1,013",,,,,,,215,"45,089",,"21,026","7,893",46.60%,Con
154,Clwyd South,CLW,WAL,"10,649","13,051","5,480","1,349",,915,,"3,620",,,,,,"35,064",,"13,051","2,402",37.20%,Lab
155,Clwyd West,CLW,WAL,"16,463","9,733","4,988","1,387",,,,"4,651",,,,,806,"38,028",,"16,463","6,730",43.29%,Con
156,"Coatbridge, Chryston and Bellshill",LAN,SCO,"3,209","17,195","1,049",549,"28,696",,,,,,,,,"50,698",,"28,696","11,501",68.70%,SNP
157,Colchester,ESS,EE,"18,919","7,852","5,870","13,344",,"2,499",,,,,,,109,"48,593",,"18,919","5,575",38.90%,Con
158,Colne Valley,W Y,YH,"25,246","19,868","5,734","3,407",,"1,919",,,,,,,626,"56,800",,"25,246","5,378",44.40%,Con
159,Congleton,CHE,NWE,"27,164","10,391","6,922","4,623",,"1,876",,,,,,,,"50,976",,"27,164","16,773",53.30%,Con
160,Copeland,CUM,NWE,"14,186","16,750","6,148","1,368",,"1,179",,,,,,,,"39,631",,"16,750","2,564",42.30%,Lab
161,Corby,NOH,EM,"24,023","21,611","7,708","1,458",,"1,374",,,,,,,,"56,174",,"24,023","2,412",42.80%,Con
165,Coventry North East,W M,WM,"9,751","22,025","6,278","2,007",,"1,245",,,,,,,925,"42,231",,"22,025","12,274",52.20%,Lab
166,Coventry North West,,WM,"14,048","18,557","7,101","1,810",,"1,961",,,,,,,"1,769","45,246",60.70%,"18,557","4,509",41.00%,Lab
167,Coventry South,,WM,"15,284","18,472","5,709","1,779",,"1,719",,,,,,,736,"43,699",61.20%,"18,472","3,188",42.30%,Lab
168,Crawley,,SEE,"22,829",16303,6979,1339,,1100,,,,,,,,48550,65.70%,"22,829",6526,47.00%,Con
169,Crewe and Nantwich,,NWE,"22,445",18825,7252,1374,,,,,,,,,,49896,%,"22,445",3620,45.00%,Con
170,Croydon Central,,LON,"22,753",22588,4810,1152,,1454,,,,,,,184,52941,%,"22,753",165,43.00%,Con
171,Croydon North,,LON,"12,149",33513,2899,1919,,2515,,,,,,,527,53522,%,33513,21364,62.60%,Lab
172,Croydon South,,LON,"31,448",14308,6068,3448,,2154,,,,,,,286,57712,%,"31,448",17410,54.50%,Con
173,"Cumbernauld, Kilsyth and Kirkintilloch East",,SCO,3891,14820,,1099,29572,,,,,,,,,49382,73.60%,29572,14752,59.90%,SNP
174,Cynon Valley,,WAL,"3,676",14532,4976,830,,799,,5126,,,,,533,30472,%,14532,9406,47.70%,Lab
175,Dagenham and Rainham,,LON,10492,17830,12850,717,,806,,,,,,,355,43050,62.30%,17830,4980,41.40%,Lab
176,Darlington,,NEE,14479,17637,5392,1966,,1444,,,,,,,223,41141,62.50%,17637,3158,42.90%,Lab
177,Dartford,,SEE,25670,13325,10434,1454,,1324,,,,,,,211,52418,68.40%,25670,12345,49.00%,Con
178,Daventry,,EM,30550,9491,8296,2352,,1829,,,,,,,,52518,72.20%,30550,21059,58.20%,Con
179,Delyn,,WAL,12257,15187,6150,1380,,680,,1803,,,,,,37457,69.80%,15187,2930,40.50%,Lab
180,Denton and Reddish,,NWE,9150,19661,7225,957,,1466,,,,,,,222,38681,58.10%,19661,10511,50.80%,Lab
181,Derby North,,EM,16402,16361,6532,3832,,1618,,,,,,,,44745,69.10%,16402,41,36.70%,Con
182,Derby South,,EM,11179,20007,6341,1717,,1208,,,,,,,368,40820,58.10%,20007,8828,49.00%,Lab
183,Derbyshire Dales,,EM,24805,10761,5508,3965,,2173,,,,,,,149,47361,74.60%,24805,14044,52.40%,Con
187,Devizes,,SWE,28295,6360,7544,3954,,2853,,,,,,,,49006,70.80%,28295,20751,57.70%,Con
193,Dewsbury,,YH,20955,22406,6649,1924,,1366,,,,,,,330,53630,67.20%,22406,1451,41.80%,Lab
194,Don Valley,,YH,10736,19621,9963,1487,,,,,,,,,679,42486,59.60%,19621,8885,46.20%,Lab
195,Doncaster Central,,YH,8386,19840,9747,1717,,,,,,,,,730,40420,56.80%,19840,10093,49.10%,Lab
196,Doncaster North,,YH,7235,20708,8928,1005,,757,,,,,,448,420,39501,55.70%,20708,11780,52.40%,Lab
201,Dover,,SEE,21737,15443,10177,1572,,1295,,,,,,,,50224,68.90%,21737,6294,43.30%,Con
204,Dudley North,,WM,11704,15885,9113,478,,517,,,,,,,295,37992,62.60%,15885,4181,41.80%,Lab
205,Dudley South,,WM,16723,12453,7236,828,,970,,,,,,,,38210,63.30%,16723,4270,43.80%,Con
206,Dulwich and West Norwood,,LON,11650,27772,1606,5055,,4844,,,,,,,435,51362,68.30%,27772,16122,54.10%,Lab
207,Dumfries and Galloway,,SCO,16926,13982,1301,953,23440,,,,,,,,,56602,75.20%,23440,6514,41.40%,SNP
208,"Dumfriesshire, Clydesdale and Tweeddale",,SCO,20759,7711,1472,1392,19961,839,,,,,,,,52134,76.10%,20759,798,39.80%,Con
211,Dundee East,,SCO,7206,9603,,1387,28765,895,,,,,,,329,48185,71%,28765,19162,59.70%,SNP
212,Dundee West,,SCO,3852,10592,,1057,27684,1225,,,,,,,304,44714,67.80%,27684,17092,61.90%,SNP
213,Dunfermline and West Fife,,SCO,6623,17744,,2232,28096,1195,,,,,,,,55890,71.60%,28096,10352,50.30%,SNP
217,Dwyfor Meirionnydd,,WAL,6550,3904,3126,1153,,981,,11811,,,,1388,,28913,65.10%,11811,5261,40.90%,PC
218,Ealing Central and Acton,,LON,21728,22002,1926,3106,,1841,,,,,,,291,50894,71.40%,22002,274,43.20%,Lab
219,Ealing North,,LON,14419,26745,3922,1575,,1635,,,,,,,214,48510,65.70%,26745,12326,55.10%,Lab
220,"Ealing, Southall",,LON,9387,28147,1769,1550,,2007,,,,,,,461,43321,66.10%,28147,18760,65.00%,Lab
221,Easington,,NEE,4478,21132,6491,834,,733,,,,,,810,146,34624,56.10%,21132,14641,61.00%,Lab
13,East Antrim,,NI,549,,3660,5021,,,12103,,2314,6308,1639,,1903,33497,53.30%,12103,5795,36.10%,DUP
189,East Devon,,SWE,25401,5591,6870,3715,,,,,,,,13140,,54717,73.70%,25401,12261,46.40%,Con
209,East Dunbartonshire,,SCO,4727,6754,567,19926,22093,804,,,,,,,,54871,81.91%,22093,2167,40.30%,SNP
222,East Ham,,LON,6311,40563,2622,856,,1299,,,,,,,639,52290,59.80%,40563,34252,77.60%,Lab
287,East Hampshire,,SEE,31334,5220,6187,5732,,3176,,,,,,,,51649,71.10%,31334,25147,60.70%,Con
223,"East Kilbride, Strathaven and Lesmahagow",,SCO,7129,17151,1221,1042,33678,,,,,,,318,,60539,72.80%,33678,16527,55.60%,SNP
376,East Londonderry,,NI,422,,,2642,,,14663,,6859,5333,4268,,527,34714,51.90%,14663,7804,42.20%,DUP
224,East Lothian,,SCO,11511,18301,1178,1517,25104,1245,,,,,,158,,59014,74.20%,25104,6803,42.50%,SNP
469,East Renfrewshire,,SCO,12465,19295,888,1069,23013,,,,,,,,,56730,81.10%,23013,3718,40.60%,SNP
552,East Surrey,,SEE,32211,6627,9553,5189,,2159,,,,,,,364,56103,70.40%,25584,24804,45.60%,Con
638,East Worthing and Shoreham,,SEE,24686,9737,8267,3360,,2605,,,,,,,1243,49898,67.20%,24686,14949,49.50%,Con
650,East Yorkshire,,YH,25276,10343,8955,2966,,1731,,,,,,,720,49991,61.70%,25276,14933,50.60%,Con
225,Eastbourne,,SEE,"20,934",4143,6139,20201,,1351,,,,,,139,,52907,67.60%,"20,934",733,39.60%,Con
226,Eastleigh,,SEE,"23,464","7,181","8,783","14,317",,"1,513",,,,,,,247,"55,505",69.90%,"23,464","9,147",42.30%,Con
227,Eddisbury,,NWE,24167,11193,5778,4289,,1624,,,,,,,301,47352,69.00%,24167,12974,51.00%,Con
228,Edinburgh East,,SCO,4670,14082,898,1325,23188,2809,,,,,,,117,47089,70.10%,23188,9106,49.20%,SNP
229,Edinburgh North and Leith,,SCO,9378,18145,847,2634,23742,3140,,,,,,,122,58008,71.70%,23742,5597,40.90%,SNP
230,Edinburgh South,,SCO,8626,19293,601,1823,16656,2090,,,,,,,197,49286,74.90%,19293,2637,39.10%,Lab
231,Edinburgh South West,,SCO,10444,14033,1072,1920,22168,1965,,,,,,,,51602,71.50%,22168,8135,43%,SNP
232,Edinburgh West,,SCO,"6,732",6425,1015,18168,21378,1140,,,,,,,,54858,76.50%,21378,3210,39.00%,SNP
233,Edmonton,,LON,9969,25388,3366,897,,1358,,,,,,,360,41338,62.60%,25388,15419,61.40%,Lab
234,Ellesmere Port and Neston,,NWE,16041,22316,5594,1563,,990,,,,,,,223,46727,68.60%,22316,6275,47.80%,Lab
235,Elmet and Rothwell,,YH,27978,19488,6430,2640,,1261,,,,,,,,57797,73.00%,27978,8490,48.40%,Con
236,Eltham,,LON,15700,18393,6481,1308,,1275,,,,,,,,43157,67.40%,18393,2693,42.60%,Lab
237,Enfield North,,LON,"19,086",20172,4133,1059,,1303,,,,,,,384,46137,67.70%,20172,1086,43.70%,Lab
238,"Enfield, Southgate",,LON,22624,17871,2109,1518,,1690,,,,,,,,45812,70.50%,22624,4753,49.40%,Con
239,Epping Forest,,EE,27027,7962,9049,3448,,1782,,,,,,,80,49348,67.10%,27027,17978,54.80%,Con
240,Epsom and Ewell,,SEE,33309,8866,7117,5002,,2116,,,,,,,733,57143,72.70%,33309,24443,58.30%,Con
241,Erewash,,EM,20636,17052,7792,1658,,1184,,,,,,,,48322,67.20%,20636,3584,42.70%,Con
242,Erith and Thamesmead,,LON,11684,21209,7368,972,,941,,,,,,,443,42617,61.10%,21209,9525,49.80%,Lab
243,Esher and Walton,,SEE,35845,7229,5551,5372,,2355,,,,,,,624,56976,71.30%,35845,28616,62.90%,Con
244,Exeter,,SWE,17879,25062,5075,2321,,3491,,,,,,,190,54018,70.20%,25062,7183,46.40%,Lab
245,Falkirk,,SCO,7325,15130,1829,1225,34831,,,,,,,,,60340,72.40%,34831,19701,57.70%,SNP
246,Fareham,,SEE,30689,7800,8427,4814,,2129,,,,,,,841,54700,70.80%,30689,22262,56.10%,Con
247,Faversham and Mid Kent,,SEE,24895,7403,8243,3039,,1768,,,,,,,455,45803,65.90%,24895,16652,54.40%,Con
248,Feltham and Heston,,LON,14382,25845,6209,1579,,1390,,,,,,,,49405,60.00%,25845,11463,52.30%,Lab
249,Fermanagh and South Tyrone,,NI,,,,658,,788,,,23078,23608,2732,,,50864,72.60%,23608,530,46.40%,UUP
251,Filton and Bradley Stoke,,SWE,22920,13082,7261,3581,,2257,,,,,,,,49101,69.40%,22920,9838,46.70%,Con
252,Finchley and Golders Green,,LON,25835,20173,1732,1662,,1357,,,,,,,,50759,70.50%,25835,5662,50.90%,Con
253,Folkestone and Hythe,,SEE,26323,7939,12526,4882,,2956,,,,,,,384,55010,65.80%,26323,13797,47.90%,Con
254,Forest of Dean,,SWE,23191,12204,8792,2630,,2703,,,,,,,,49520,70.90%,23191,10987,46.80%,Con
255,Foyle,,NI,132,,832,835,,,4573,,11679,1226,17725,,,37002,52.80%,17725,6046,47.90%,SDLP
256,Fylde,,NWE,21406,8182,5569,1623,,1381,,,,,,5166,230,43557,66.30%,21406,13224,49.10%,Con
257,Gainsborough,,EM,25949,10500,7727,3290,,1290,,,,,,,505,49261,67.30%,25949,15449,52.70%,Con
258,Garston and Halewood,,NWE,6693,33839,4482,2279,,1690,,,,,,,,48983,66.10%,33839,27146,69.10%,Lab
259,Gateshead,,NEE,5502,21549,6765,2585,,1548,,,,,,,,37949,59.40%,21549,14784,56.80%,Lab
260,Gedling,,EM,17321,20307,6930,1906,,1534,,,,,,,,47998,68.50%,20307,2986,42.30%,Lab
261,Gillingham and Rainham,,SEE,22590,12060,9199,1707,,1133,,,,,,,389,47078,64.80%,22590,10530,48.00%,Con
262,Glasgow Central,,SCO,2359,12996,786,612,20658,1559,,,,,,,348,39318,55.40%,20658,7662,52.50%,SNP
263,Glasgow East,,SCO,2544,13729,1105,318,24116,381,,,,,,,224,42417,60.30%,24116,10387,56.90%,SNP
264,Glasgow North,,SCO,2901,10315,486,1012,19610,2284,,,,,,,314,36922,61.40%,19610,9295,53.10%,SNP
265,Glasgow North East,,SCO,1769,12754,,300,21976,615,,,,,,,443,37857,56.80%,21976,9222,58.10%,SNP
266,Glasgow North West,,SCO,3692,13544,,1194,23908,1167,,,,,,,349,43854,64.10%,23908,10364,54.50%,SNP
267,Glasgow South,,SCO,4752,14504,,1019,26773,1431,,,,,,,299,48778,65.90%,26773,12269,54.90%,SNP
258,Glasgow South West,,SCO,2036,13438,970,406,23388,507,,,,,,,176,40921,61.80%,23388,9950,57.20%,SNP
269,Glenrothes,,SCO,3685,14562,,892,28459,,,,,,,,,47598,68.20%,28459,13897,59.80%,SNP
270,Gloucester,,SWE,23837,16586,7497,2828,,1485,,,,,,,342,52575,63.40%,23837,7251,45.30%,Con
271,Gordon,,SCO,6807,3441,1166,19030,27717,,,,,,,,,58161,73.30%,27717,8687,47.70%,SNP
272,Gosport,,SEE,26364,6926,9266,3298,,1707,,,,,,,104,47665,65.10%,26364,17098,55.30%,Con
273,Gower,,WAL,15862,15835,4773,1552,,1161,,3051,,,,168,356,42758,69.20%,15862,27,37.10%,Con
274,Grantham and Stamford,,EM,28399,9070,9410,3263,,1872,,,,,,,1741,53755,66.20%,28399,18989,52.80%,Con
275,Gravesham,,SEE,23484,15114,9306,1111,,1124,,,,,,,,50139,67.50%,23484,8370,46.80%,Con
276,Great Grimsby,,YH,8874,13414,8417,1680,,783,,,,,,,563,33731,57.70%,13414,4540,39.80%,Lab
277,Great Yarmouth,,EE,19089,12935,10270,1030,,978,,,,,,,167,44469,63.70%,19089,6154,42.90%,Con
278,Greenwich and Woolwich,,LON,12438,24384,3888,2645,,2991,,,,,,,370,46716,63.70%,24384,11946,52.20%,Lab
279,Guildford,,SEE,30802,6534,4774,8354,,2558,,,,,,,964,53986,70.50%,30802,22448,57.10%,Con
280,Hackney North and Stoke Newington,,LON,7349,31357,1085,2492,,7281,,,,,,,323,49887,60.00%,31357,24008,62.90%,Lab
281,Hackney South and Shoreditch,,LON,6420,30663,1818,2186,,5519,,,,,,,1004,47610,59.50%,30663,24243,64.40%,Lab
282,Halesowen and Rowley Regis,,WM,18933,15851,7280,905,,849,,,,,,,,43818,59.10%,18933,3082,43.20%,Con
283,Halifax,,YH,17078,17506,5621,1629,,1142,,,,,,,777,43753,62.10%,17506,428,40.00%,Lab
284,Haltemprice and Howden,,YH,26414,10219,6781,3055,,1809,,,,,,,479,48757,68.50%,26414,16195,54.20%,Con
285,Halton,,NWE,8007,28292,6333,1097,,1017,,,,,,,277,45023,61.80%,28292,20285,62.80%,Lab
286,Hammersmith,,LON,17463,23981,2105,2224,,2105,,,,,,,82,47960,66.40%,23981,6518,50.00%,Lab
290,Hampstead and Kilburn,,LON,22839,23977,1532,3039,,2387,,,,,,,190,53964,67.30%,23977,1138,44.40%,Lab
291,Harborough,,EM,27675,8043,7539,7037,,2177,,,,,,,,52471,67.50%,27675,19632,52.70%,Con
292,Harlow,,EE,21623,13273,7208,904,,954,,,,,,,289,44251,65.10%,21623,8350,48.90%,Con
293,Harrogate and Knaresborough,,YH,28153,5409,5681,11782,,2351,,,,,,,,53376,69.00%,28153,16371,52.70%,Con
294,Harrow East,,LON,24668,19911,2333,1037,,846,,,,,,,205,49000,69.10%,24668,4757,50.30%,Con
295,Harrow West,,LON,19677,21885,2047,1567,,1310,,,,,,,117,46603,66.90%,21885,2208,47.00%,Lab
296,Hartlepool,,NEE,8256,14076,11052,761,,1341,,,,,,2954,1050,39490,56.80%,14076,3024,35.60%,Lab
297,Harwich and North Essex,,EE,24722,9548,8464,3576,,2122,,,,,,,,48432,69.90%,24722,15174,51.00%,Con
298,Hastings and Rye,,SEE,22686,17890,6786,1614,,1951,,,,,,,,50927,67.80%,22686,4796,44.50%,Con
299,Havant,,SEE,23159,7149,9239,2929,,2352,,,,,,,,44828,63.50%,23159,13920,51.70%,Con
300,Hayes and Harlington,,LON,11143,26843,5388,888,,794,,,,,,,,45056,60.20%,26843,15700,59.60%,Lab
301,Hazel Grove,,NWE,17882,7584,5283,11330,,1140,,,,,,,,43219,68.50%,17882,6552,41.40%,Con
302,Hemel Hempstead,,EE,26245,11825,7249,2402,,1660,,,,,,,252,49633,66.50%,26245,14420,52.90%,Con
303,Hemsworth,,YH,9694,21772,8565,1357,,,,,,,,,1018,42406,58.30%,21772,12078,51.30%,Lab
304,Hendon,,LON,24328,20604,2595,1088,,1015,,,,,,,,49630,66.50%,24328,3724,49.00%,Con
305,Henley,,SEE,32292,6917,6007,6205,,3815,,,,,,,,55236,70.60%,32292,25375,58.50%,Con
306,Hereford and South Herefordshire,,WM,24844,6042,7954,5002,,3415,,,,,,,,47257,66.80%,24844,16890,52.60%,Con
308,Hertford and Stortford,,EE,31593,10084,7534,4385,,2681,,,,,,,,56277,71.30%,31593,21509,56.10%,Con
311,Hertsmere,,EE,29696,11235,6383,2777,,,,,,,,,,50091,67.90%,29696,18461,59.30%,Con
312,Hexham,,NEE,22834,10803,4302,2961,,2445,,,,,,,,43345,71.50%,22834,12031,52.70%,Con
313,Heywood and Middleton,,NWE,9268,20926,15627,1607,,1110,,,,,,,,48538,60.70%,20926,5299,43.10%,Lab
314,High Peak,,EM,22836,17942,5811,2389,,1811,,,,,,,,50789,69.30%,22836,4894,45.00%,Con
315,Hitchin and Harpenden,,EE,31488,11433,4917,4484,,3053,,,,,,,,55375,74.00%,31488,20055,56.90%,Con
316,Holborn and St Pancras,,LON,12014,29062,2740,3555,,7013,,,,,,,533,54917,63.20%,29062,17048,52.90%,Lab
317,Hornchurch and Upminster,,LON,27051,11103,13977,1501,,1411,,,,,,,193,55236,69.60%,27051,13074,49.00%,Con
318,Hornsey and Wood Green,,LON,5347,29417,1271,18359,,3146,,,,,,,245,57785,72.90%,29417,11058,50.90%,Lab
319,Horsham,,SEE,32627,6499,7969,6647,,2198,,,,,,,985,56925,72.80%,32627,24658,57.30%,Con
320,Houghton and Sunderland South,,NEE,7105,21218,8280,791,,1095,,,,,,,,38489,56.30%,21218,12938,55.10%,Lab
321,Hove,,SEE,20846,22082,3265,1861,,3569,,,,,,,591,52214,71.00%,22082,1236,42.30%,Lab
322,Huddersfield,,YH,10841,18186,5948,2365,,2798,,,,,,,340,40478,62.00%,18186,7345,44.90%,Lab
326,Huntingdon,,EE,29652,10248,9473,4375,,2178,,,,,,,,55926,67.90%,29652,19404,53.00%,Con
327,Hyndburn,,NWE,13676,18076,9154,859,,1122,,,,,,,,42887,62.80%,18076,4400,42.10%,Lab
328,Ilford North,,LON,20874,21463,4355,1130,,1023,,,,,,,87,48932,62.60%,21463,589,43.90%,Lab
329,Ilford South,,LON,13455,33232,2705,1014,,1506,,,,,,,,51912,54.60%,33232,19777,64.00%,Lab
330,Inverclyde,,SCO,4446,13522,715,1106,24585,,,,,,,,233,44607,75.20%,24585,11063,55.10%,SNP
331,"Inverness, Nairn, Badenoch and Strathspey",,SCO,3410,4311,1236,18029,28838,1367,,,,,,,422,57613,74.20%,28838,10809,50.10%,SNP
332,Ipswich,,EE,21794,18061,5703,1400,,1736,,,,,,,,48694,65.40%,21794,3733,44.80%,Con
333,Isle of Wight,,SEE,28591,8984,14888,5235,,9404,,,,,,,3198,70300,64.60%,28591,13703,40.70%,Con
334,Islington North,,LON,8465,29659,1971,3984,,5043,,,,,,,112,49234,67.10%,29659,21194,60.20%,Lab
335,Islington South and Finsbury,,LON,9839,22547,3375,4829,,3371,,,,,,,309,44270,65.00%,22547,12708,50.90%,Lab
336,Islwyn,,WAL,5366,17336,6932,950,,659,,3794,,,,,364,35401,63.60%,17336,10404,49%,Lab
337,Jarrow,,NEE,6584,21464,7583,1238,,1310,,,,,,,385,38564,60.40%,21464,13881,55.70%,Lab
338,Keighley,,YH,21766,18713,5662,1321,,1661,,,,,,,,49123,71.30%,21766,3053,44.30%,Con
339,Kenilworth and Southam,,WM,28474,7472,5467,4913,,1956,,,,,,,509,48791,74.80%,28474,21002,58.40%,Con
340,Kensington,,LON,18199,10838,1557,1962,,1765,,,,,,,507,34828,56.80%,18199,7361,52.30%,Con
341,Kettering,,EM,24467,11877,7600,1490,,1633,,,,,,,151,47218,67.30%,24467,12590,51.80%,Con
342,Kilmarnock and Loudoun,,SCO,6752,16362,,789,30000,,,,,,,,,53903,71.60%,30000,13638,55.70%,SNP
343,Kingston and Surbiton,,LON,23249,8574,4321,20415,,2322,,,,,,,372,59253,72.90%,23249,2834,39.20%,Con
323,Kingston upon Hull East,,YH,5593,18180,7861,2294,,806,,,,,,,410,35144,53.60%,18180,10319,51.70%,Lab
324,Kingston upon Hull North,,YH,5306,18661,5762,3175,,2066,,,,,,,366,35336,55.50%,18661,12899,52.80%,Lab
325,Kingston upon Hull West and Hessle,,YH,5561,15646,6313,3169,,943,,,,,,,171,31803,53.90%,15646,9333,49.20%,Lab
344,Kingswood,,SWE,23252,14246,7133,1827,,1370,,,,,,,297,48125,70.80%,23252,9006,48.30%,Con
345,Kirkcaldy and Cowdenbeath,,SCO,5223,17654,1237,1150,27628,,,,,,,,,52892,69.60%,27628,9974,52.20%,SNP
346,Knowsley,,NWE,3367,39628,4973,1490,,1270,,,,,,,,50728,64.10%,39628,34655,78.10%,Lab
347,Lagan Valley,,NI,654,,2200,5544,,,19055,,1144,6055,2500,756,1887,39795,55.90%,19055,13000,47.90%,DUP
348,Lanark and Hamilton East,,SCO,8772,16876,1431,1203,26976,,,,,,,,,55258,69.10%,26976,10100,48.80%,SNP
350,Lancaster and Fleetwood,,NWE,16378,17643,4060,1390,,2093,,,,,,,174,41738,68.60%,17643,1265,42.30%,Lab
351,Leeds Central,,YH,7791,24758,7082,1529,,3558,,,,,,,330,45048,55.10%,24758,16967,55.00%,Lab
352,Leeds East,,YH,7997,20530,7256,1296,,1117,,,,,,,,38196,59.00%,20530,12533,53.70%,Lab
353,Leeds North East,,YH,15887,23137,3706,2569,,2541,,,,,,,451,48291,69.90%,23137,7250,47.90%,Lab
354,Leeds North West,,YH,8083,13041,2997,15948,,3042,,,,,,,246,43357,70.00%,15948,2907,36.80%,LD
355,Leeds West,,YH,7729,18456,7104,1495,,3217,,,,,,,422,38423,59.20%,18456,10727,48.00%,Lab
356,Leicester East,,EM,11034,29386,4290,1233,,1468,,,,,,,657,48068,63.70%,29386,18352,61.10%,Lab
357,Leicester South,,EM,9628,27473,3832,2127,,2533,,,,,,,349,45942,62.50%,27473,17845,59.80%,Lab
358,Leicester West,,EM,8848,16051,5950,1507,,1878,,,,,,,288,34522,54.60%,16051,7203,46.50%,Lab
361,Leigh,,NWE,10216,24312,8903,1150,,,,,,,,,542,45123,59.40%,24312,14096,53.90%,Lab
362,Lewes,,SEE,19206,5000,5427,18123,,2784,,,,,,,,50540,72.70%,19206,1083,38.00%,Con
364,Lewisham East,,LON,9574,23907,3886,2455,,2429,,,,,,,672,42923,58.50%,23907,14333,55.70%,Lab
365,Lewisham West and Penge,,LON,11633,24347,3764,3709,,4077,,,,,,,595,48125,66.60%,24347,12714,50.60%,Lab
363,"Lewisham, Deptford",,LON,7056,28572,2013,2497,,5932,,,,,,,1356,47426,64.60%,28572,21516,60.20%,Lab
366,Leyton and Wanstead,,LON,8939,23858,2341,2304,,2974,,,,,,,289,40705,62.90%,23858,14919,58.60%,Lab
367,Lichfield,,WM,28389,10200,8082,2700,,1976,,,,,,,120,51467,61.80%,28389,18189,55.20%,Con
368,Lincoln,,EM,19976,18533,5721,1992,,,,,,,,,630,46852,63.20%,19976,1443,42.60%,Con
369,Linlithgow and East Falkirk,,SCO,7384,19121,1682,1252,32055,,,,,,,,103,61597,70.80%,32055,12934,52.03%,SNP
370,"Liverpool, Riverside",,NWE,4245,29835,2510,1719,,5372,,,,,,,582,44263,62.40%,29835,24463,67.40%,Lab
371,"Liverpool, Walton",,NWE,1802,31222,3445,899,,956,,,,,,,79,38403,61.10%,31222,27777,81.30%,Lab
372,"Liverpool, Wavertree",,NWE,4098,28401,3375,2454,,2140,,,,,,,506,40974,66.40%,28401,24303,69.30%,Lab
373,"Liverpool, West Derby",,NWE,2710,30842,3475,959,,996,,,,,,,2049,41031,64.20%,30842,27367,75.20%,Lab
374,Livingston,,SCO,5929,15893,1757,1232,32736,,,,,,,,,57547,69.90%,32736,16843,56.90%,SNP
375,Llanelli,,WAL,5534,15948,6269,751,,689,,8853,,,,,530,38574,64.50%,15948,7095,41.30%,Lab
377,Loughborough,,EM,25762,16579,5704,2130,,1845,,,,,,,,52020,71.60%,25762,9183,49.50%,Con
378,Louth and Horncastle,,EM,25755,9077,10778,2255,,1549,,,,,,,922,50336,67.80%,25755,14977,51.20%,Con
379,Ludlow,,WM,26093,5902,7164,6469,,2435,,,,,,,,48063,72.40%,26093,18929,54.30%,Con
380,Luton North,,EE,12739,22243,5318,1299,,972,,,,,,,,42571,64.00%,22243,9504,52.20%,Lab
381,Luton South,,EE,12949,18660,5129,3183,,1237,,,,,,900,158,42216,62.80%,18660,5711,44.20%,Lab
382,Macclesfield,,NWE,26063,11252,6037,3842,,2404,,,,,,,,49598,69.30%,26063,14811,52.50%,Con
383,Maidenhead,,SEE,35453,6394,4539,5337,,1915,,,,,,,217,53855,71.80%,35453,29059,65.80%,Con
834,Maidstone and The Weald,,SEE,22745,5268,7930,12036,,1396,,,,,,,635,50010,68.30%,22745,10709,45.50%,Con
385,Makerfield,,NWE,8752,23208,10053,1639,,1136,,,,,,,,44788,60.20%,23208,13155,51.80%,Lab
386,Maldon,,EE,29112,5690,7042,2157,,1504,,,,,,2424,116,48045,69.20%,29112,22070,60.60%,Con
387,Manchester Central,,NWE,6133,27772,5033,1867,,3838,,,,,,,688,45331,52.70%,27772,21639,61.30%,Lab
388,"Manchester, Gorton",,NWE,4063,28187,3434,1782,,4108,,,,,,,445,42019,57.60%,28187,24079,67.10%,Lab
389,"Manchester, Withington",,NWE,4872,26843,2172,11970,,4048,,,,,,,61,49966,62.00%,26843,14873,53.70%,Lab
390,Mansfield,,EM,13288,18603,11850,1642,,1486,,,,,,,324,47193,60.90%,18603,5315,39.40%,Lab
391,Meon Valley,,SEE,31578,5656,7665,4987,,1831,,,,,,,,51717,71.10%,31578,23913,61.10%,Con
392,Meriden,,WM,28791,9996,8908,2638,,2170,,,,,,,100,52603,64.90%,28791,18795,54.70%,Con
393,Merthyr Tydfil and Rhymney,,WAL,3292,17619,6106,1351,,603,,3099,,,,459,186,32715,53%,17619,11513,53.90%,Lab
42,Mid Bedfordshire,BED,EE,32544,9217,8966,4193,,2462,,,,,,,678,58060,71.60%,32544,23327,56.10%,Con
184,Mid Derbyshire,,EM,24908,12134,6497,2292,,1898,,,,,,,,47729,70.60%,24908,12774,52.20%,Con
198,Mid Dorset and North Poole,,SWE,23639,2767,5663,13109,,1321,,,,,,,,46499,67.50%,23639,10530,50.80%,Con
421,Mid Norfolk,,EE,27206,9585,9930,3300,,2191,,,,,,,,52212,67.80%,27206,17276,52.10%,Con
555,Mid Sussex,,SEE,32268,7982,6898,6604,,2453,,,,,,,1287,57492,72.30%,32268,24286,56.10%,Con
585,Mid Ulster,,NI,120,,863,778,,,5465,,19935,6318,5055,,2388,40922,60.30%,19935,13617,48.70%,SF
634,Mid Worcestershire,,WM,29763,7548,9231,3750,,1933,,,,,,,,52225,71.50%,29763,20532,57.00%,Con
394,Middlesbrough,,NEE,5388,18584,6107,1220,,1407,,,,,,,,32706,52.90%,18584,12477,56.80%,Lab
395,Middlesbrough South and East Cleveland,,NEE,16925,19193,6935,1564,,1060,,,,,,,,45677,64.20%,19193,2268,42.00%,Lab
396,Midlothian,,SCO,5760,14594,1173,1132,24453,1219,,,,,,,,48331,71.20%,24453,9859,50.60%,SNP
397,Milton Keynes North,,SEE,27244,17491,6852,3575,,2255,,,,,,,275,57692,68.00%,27244,9753,47.20%,Con
398,Milton Keynes South,,SEE,27601,18929,7803,2309,,1936,,,,,,,371,58949,67.00%,27601,8672,46.80%,Con
399,Mitcham and Morden,,LON,10458,27380,4287,1378,,1422,,,,,,,217,45142,65.90%,27380,16922,60.70%,Lab
400,Mole Valley,,SEE,33434,4565,6181,7981,,2979,,,,,,,,55140,74.20%,33434,25453,60.60%,Con
401,Monmouth,,WAL,23701,12719,4942,2496,,1629,,1875,,,,,100,47462,76.20%,23701,10982,49.90%,Con
402,Montgomeryshire,,WAL,15204,1900,3769,9879,,1260,,1745,,,,,,33757,69.30%,15204,5325,45%,Con
403,Moray,,SCO,15319,4898,1939,1395,24384,1345,,,,,,,,49280,68.70%,24384,9065,49.50%,SNP
404,Morecambe and Lunesdale,,NWE,19691,15101,5358,1612,,1395,,,,,,,85,43242,65.00%,19691,4590,45.50%,Con
405,Morley and Outwood,,YH,18776,18354,7951,1426,,1264,,,,,,,479,48250,63.30%,18776,422,38.90%,Con
406,Motherwell and Wishaw,,SCO,3695,15377,1289,601,27275,,,,,,,,,48237,68.60%,27275,11898,56.50%,SNP
407,Na h-Eileanan an Iar,,SCO,1215,4560,,456,8662,,,,,,,,1045,15938,73.20%,8662,4102,54.30%,SNP
408,Neath,,WAL,5691,16270,6094,1173,,1185,,6722,,,,,,37135,66.20%,16270,9548,43.80%,Lab
409,New Forest East,,SEE,27819,6018,8657,4626,,2327,,,,,,,,49447,68.00%,27819,19162,56.30%,Con
410,New Forest West,,SEE,28420,5133,7816,3293,,2748,,,,,,,,47410,69.20%,28420,20604,59.90%,Con
411,Newark,,EM,29834,11360,6294,2385,,1792,,,,,,,637,52302,70.90%,29834,18474,57.00%,Con
412,Newbury,,SEE,34973,4837,6195,8605,,2324,,,,,,,366,57300,72.50%,34973,26368,61.00%,Con
414,Newcastle upon Tyne Central,,NEE,6628,19301,5214,2218,,1724,,,,,,,,35085,57.50%,19301,12673,55.00%,Lab
415,Newcastle upon Tyne East,,NEE,6884,19378,4910,4332,,3426,,,,,,,292,39222,52.90%,19378,12494,49.40%,Lab
415,Newcastle upon Tyne North,,NEE,10536,20689,7447,4366,,1515,,,,,,,338,44891,66.70%,20689,10153,46.10%,Lab
412,Newcastle-under-Lyme,,WM,15870,16520,7252,1826,,1246,,,,,,,283,42997,64.40%,16520,650,38.40%,Lab
417,Newport East,,WAL,9585,14290,6466,2251,,887,,1231,,,,,398,35108,62.70%,14290,4705,40.70%,Lab
418,Newport West,,WAL,13123,16633,6134,1581,,1272,,1604,,,,,,40347,64.90%,16633,3510,41.20%,Lab
419,Newry and Armagh,,NI,210,,,841,,,,,20488,16312,12026,,,49877,64.20%,20488,4176,41.10%,SF
420,Newton Abbot,,SWE,22794,4736,6726,11506,,2216,,,,,,,221,48199,69.10%,22794,11288,47.30%,Con
426,"Normanton, Pontefract and Castleford",,YH,9569,25213,9785,1330,,,,,,,,,,45897,55.60%,25213,15428,54.90%,Lab
14,North Antrim,,NI,368,,1341,2351,,,18107,,5143,5054,2925,,6618,41907,55.20%,18107,11546,43.20%,DUP
25,North Ayrshire and Arran,,SCO,7968,15068,1296,896,28641,,,,,,,,,53869,71.10%,28641,13573,53.20%,SNP
161,North Cornwall,COR,SWE,21689,2621,6121,15068,,2063,,,,,,,683,48245,â€”,"21,699","6,621",45.00%,Con
190,North Devon,,SWE,22341,3699,7719,15405,,3018,,,,,,,138,52320,70.00%,22341,6936,42.70%,Con
198,North Dorset,,SWE,30227,4785,9109,6226,,3038,,,,,,,,53385,71.60%,30227,21118,56.60%,Con
202,North Down,,NI,1593,,1482,3086,,1958,8487,,273,,355,17689,1024,35947,56%,17689,9202,49.20%,Ind
215,North Durham,,NEE,8403,22047,6404,2046,,1246,,,,,,,,40146,61.40%,22047,13644,54.90%,Lab
43,North East Bedfordshire,BED,EE,34891,9247,8579,3418,,2537,,,,,,,,58672,70.20%,34891,25644,59.50%,Con
120,North East Cambridgeshire,CAM,EE,28524,7476,11650,2314,,1816,,,,,,,,51780,62.40%,28524,16874,55.10%,Con
185,North East Derbyshire,,EM,17605,19488,7631,2004,,1059,,,,,,,161,47948,67.10%,19488,1883,40.60%,Lab
250,North East Fife,,SCO,7373,3476,,14179,18523,1387,,,,,,325,,45263,73%,18523,4344,40.90%,SNP
288,North East Hampshire,,SEE,35573,5290,4732,5657,,2364,,,,,,,384,54000,72.90%,35573,29916,65.90%,Con
309,North East Hertfordshire,,EE,28949,9869,6728,3952,,2789,,,,,,,,52287,70.70%,28949,19080,55.40%,Con
518,North East Somerset,,SWE,25439,12690,6150,4029,,2802,,,,,,,,51110,73.70%,25439,12749,49.80%,Con
307,North Herefordshire,,WM,26716,5478,6720,5768,,3341,,,,,,,,48023,72.00%,26716,19996,55.60%,Con
422,North Norfolk,,EE,15256,5043,8328,19299,,1488,,,,,,,,49414,71.70%,19299,4043,39.10%,LD
511,North Shropshire,,WM,27041,10547,9262,3148,,2575,,,,,,,,52573,66.60%,27041,16494,51.40%,Con
517,North Somerset,,SWE,31540,8441,7669,7486,,3806,,,,,,,,58942,73.60%,31540,23099,53.50%,Con
560,North Swindon,,SWE,26295,14509,8011,1704,,1723,,,,,,,,52242,64.50%,26295,11786,50.30%,Con
567,North Thanet,,SEE,23045,8411,12097,1645,,1719,,,,,,,136,47053,66.70%,23045,10948,49.00%,Con
583,North Tyneside,,NEE,8997,26191,7618,2075,,1442,,,,,,,495,46818,59.00%,26191,17194,55.90%,Lab
602,North Warwickshire,,WM,20042,17069,8256,978,,894,,,,,,,138,47377,67.50%,20042,2973,42.30%,Con
619,North Wiltshire,,SWE,28938,4930,5813,7892,,2350,,,,,,,633,50556,74.50%,28938,21046,57.20%,Con
427,Northampton North,,EM,16699,13454,6354,1401,,1503,,,,,,,,39411,66.60%,16699,3245,42.40%,Con
429,Northampton South,,EM,16163,12370,7114,1673,,1403,,,,,,,161,38884,63.40%,16163,3793,41.60%,Con
430,Norwich North,,EE,19052,14589,5986,1894,,1939,,,,,,,132,43592,66.90%,19052,4463,43.70%,Con
431,Norwich South,,EE,11379,19033,4539,6607,,6749,,,,,,,156,48463,64.70%,19033,7654,39.30%,Lab
432,Nottingham East,,EM,7314,19208,3501,1475,,3473,,,,,,,238,35209,58.20%,19208,11894,54.60%,Lab
433,Nottingham North,,EM,7423,19283,6542,847,,1088,,,,,,,160,35343,53.60%,19283,11860,54.60%,Lab
434,Nottingham South,,EM,13761,20697,4900,1532,,2345,,,,,,,230,43465,63.00%,20697,6936,47.60%,Lab
435,Nuneaton,,WM,20827,15945,6582,816,,1281,,,,,,,298,45749,67.20%,20827,4882,45.50%,Con
121,North West Cambridgeshire,CAM,EE,32070,10927,12275,3479,,2159,,,,,,,190,61100,66.60%,32070,19795,52.50%,Con
216,North West Durham,,NEE,10018,20074,7265,3894,,1567,,,,,,,,42818,61.30%,20074,10056,46.90%,Lab
289,North West Hampshire,,SEE,32052,7342,8109,5151,,2541,,,,,,,,55195,69.70%,32052,23943,58.10%,Con
359,North West Leicestershire,,EM,25505,14132,8704,2033,,1174,,,,,,,,51548,71.40%,25505,11373,49.50%,Con
423,North West Norfolk,,EE,24727,10779,8412,1673,,1780,,,,,,,,47371,65.40%,24727,13948,52.20%,Con
436,Ochil and South Perthshire,,SCO,11987,16452,1331,1481,26620,,,,,,,,,57871,74.80%,26620,10168,46%,SNP
437,Ogmore,,WAL,5620,18663,5420,1072,,754,,3556,,,,,165,35250,63.70%,18663,13043,52.90%,Lab
438,Old Bexley and Sidcup,,LON,24682,8879,8528,1644,,1336,,,,,,1216,463,46748,70.80%,24682,15803,52.80%,Con
439,Oldham East and Saddleworth,,NWE,11527,17529,8557,5718,,1152,,,,,,,,44483,61.80%,17529,6002,39.40%,Lab
440,Oldham West and Royton,,NWE,8187,23630,8892,1589,,839,,,,,,,,43137,59.60%,23630,14738,54.80%,Lab
441,Orkney and Shetland,,SCO,2025,1624,1082,9407,8590,,,,,,,,,22728,65.80%,9407,817,41.40%,LD
442,Orpington,,LON,28152,7645,8173,3330,,1732,,,,,,,,49032,72.00%,28152,19979,57.40%,Con
443,Oxford East,,SEE,10076,25356,3451,5453,,5890,,,,,,,463,50689,64.20%,25356,15280,50.00%,Lab
444,Oxford West and Abingdon,,SEE,26153,7274,3963,16571,,2497,,,,,,,789,57247,71.80%,26153,9582,45.70%,Con
445,Paisley and Renfrewshire North,,SCO,6183,16525,,1055,25601,703,,,,,,,395,50462,76.20%,25601,9076,50.70%,SNP
446,Paisley and Renfrewshire South,,SCO,3526,17864,,1010,23548,,,,,,,,278,46226,75.40%,23548,5684,50.90%,SNP
447,Pendle,,NWE,20978,15525,5415,1487,,1043,,,,,,,,44448,68.70%,20978,5453,47.20%,Con
449,Penistone and Stocksbridge,,YH,12968,19691,10738,2957,,,,,,,,,500,46854,65.90%,19691,6723,42.00%,Lab
440,Penrith and The Border,,NWE,26202,6308,5353,3745,,2313,,,,,,,,43921,67.40%,26202,19894,59.70%,Con
450,Perth and North Perthshire,,SCO,17738,4413,1110,2059,27379,1146,,,,,,355,,54200,74.80%,27379,9641,50.50%,SNP
451,Peterborough,,EE,18684,16759,7485,1774,,1218,,,,,,,1155,47075,64.90%,18684,1925,39.70%,Con
452,"Plymouth, Moor View",,SWE,16020,14994,9152,1265,,1023,,,,,,,152,42606,62.60%,16020,1026,37.60%,Con
453,"Plymouth, Sutton and Devonport",,SWE,18120,17597,6731,2008,,3401,,,,,,,106,47963,65.30%,18120,523,37.80%,Con
454,Pontypridd,,WAL,6569,15554,5085,4904,,992,,4348,,,,,430,37882,64.30%,15554,8985,41.10%,Lab
455,Poole,,SWE,23745,6102,7956,5572,,2198,,,,,,,1820,47393,65.30%,23745,15789,50.10%,Con
456,Poplar and Limehouse,,LON,12962,29886,3128,2149,,2463,,,,,,,456,51044,62.20%,29886,16924,58.50%,Lab
457,Portsmouth North,,SEE,21343,10806,8660,2828,,1450,,,,,,,303,45390,62.10%,21343,10537,47.00%,Con
458,Portsmouth South,,SEE,14585,8184,5595,9344,,3145,,,,,,716,334,41903,58.50%,14585,5241,34.80%,Con
459,Preseli Pembrokeshire,,WAL,16383,11414,4257,780,,1452,,2518,,,,3729,23,40556,70.70%,16383,4969,40.40%,Con
460,Preston,,NWE,6688,18755,5139,1244,,1643,,,,,,,,33469,55.80%,18755,12067,56.00%,Lab
461,Pudsey,,YH,23637,19136,4689,1926,,1539,,,,,,,,50927,72.20%,23637,4501,46.40%,Con
462,Putney,,LON,23018,12838,1989,2717,,2067,,,,,,,184,42813,67.00%,23018,10180,53.80%,Con
463,Rayleigh and Wickford,,EE,29088,6705,11858,1622,,1529,,,,,,,2418,53220,68.30%,29088,17230,54.70%,Con
464,Reading East,,SEE,23217,16697,3647,3719,,3214,,,,,,,,50494,67.60%,23217,6520,46.00%,Con
465,Reading West,,SEE,23082,16432,4826,2355,,1406,,,,,,,303,48404,66.90%,23082,6650,47.70%,Con
466,Redcar,,NEE,6630,17946,7516,7558,,880,,,,,,,389,40919,63.10%,17946,10388,43.90%,Lab
467,Redditch,,WM,20771,13717,7133,1349,,960,,,,,,,168,44098,67.30%,20771,7054,47.10%,Con
468,Reigate,,SEE,29151,6578,6817,5369,,3434,,,,,,,,51349,69.90%,29151,22334,56.80%,Con
470,Rhondda,,WAL,2116,15976,3998,474,,453,,8521,,,,,,31538,60.90%,15976,7455,50.70%,Lab
471,Ribble Valley,,NWE,25404,11798,8250,2756,,2193,,,,,,,1842,52243,67.10%,25404,13606,48.60%,Con
472,Richmond (Yorks),,YH,27744,7124,8194,3465,,2313,,,,,,3348,1811,53999,64.70%,27744,19550,51.40%,Con
473,Richmond Park,,LON,34404,7296,2464,11389,,3548,,,,,,,,59101,76.50%,34404,23015,58.20%,Con
474,Rochdale,,NWE,7742,20961,8519,4667,,1382,,,,,,1535,624,45430,57.40%,20961,12442,46.10%,Lab
475,Rochester and Strood,,SEE,23142,10396,16009,1251,,1516,,,,,,,202,52516,66.50%,23142,7133,44.10%,Con
476,Rochford and Southend East,,EE,20241,10765,8948,1459,,2195,,,,,,,,43608,60.60%,20241,9476,46.40%,Con
477,Romford,,LON,25067,10268,11208,1413,,1222,,,,,,,,49178,67.70%,25067,13859,51.00%,Con
478,Romsey and Southampton North,,SEE,26285,5749,5511,8573,,2280,,,,,,,,48398,72.80%,26285,17712,54.30%,Con
479,"Ross, Skye and Lochaber",,SCO,2598,2043,814,14995,20119,1051,,,,,,191,,41811,77.20%,20119,5124,48.10%,SNP
480,Rossendale and Darwen,,NWE,22847,17193,6862,806,,1046,,,,,,,270,49024,58.40%,22847,5654,46.60%,Con
481,Rother Valley,,YH,10945,20501,13204,1992,,,,,,,,,377,47019,63.30%,20501,7297,43.60%,Lab
482,Rotherham,,YH,4656,19860,11414,1093,,,,,,,,,800,37823,59.40%,19860,8446,52.50%,Lab
483,Rugby,,WM,24040,13695,6855,2776,,1415,,,,,,,225,49006,61.60%,24040,10345,49.10%,Con
484,"Ruislip, Northwood and Pinner",,LON,30521,10297,5598,2537,,1801,,,,,,,468,51222,70.00%,30521,20224,59.60%,Con
485,Runnymede and Weybridge,,SEE,29901,7767,6951,3362,,2071,,,,,,,,50052,67.90%,29901,22134,59.70%,Con
486,Rushcliffe,,EM,28354,14525,5943,2783,,3559,,,,,,,,55164,75.30%,28354,13829,51.40%,Con
487,Rutherglen and Hamilton West,,SCO,4350,20304,1301,1045,30279,,,,,,,,336,57615,69.60%,30279,9975,52.60%,SNP
488,Rutland and Melton,,EM,30383,8383,8678,4407,,2325,,,,,,,427,54603,68.40%,30383,21705,55.60%,Con
489,Saffron Walden,,EE,32926,6791,7935,6079,,2174,,,,,,,1658,57563,71.40%,32926,24991,57.20%,Con
495,Salford and Eccles,,NWE,8823,21364,7806,1614,,2251,,,,,,,1403,43261,58.20%,21364,12541,49.40%,Lab
496,Salisbury,,SWE,28192,7771,6152,5099,,2762,,,,,,,729,50705,72.90%,28192,20421,55.60%,Con
497,Scarborough and Whitby,,YH,20613,14413,8162,2159,,2185,,,,,,,207,47739,64.90%,20613,6200,43.20%,Con
498,Scunthorpe,,YH,12259,15393,6329,770,,887,,,,,,1097,206,36941,57.70%,15393,3134,41.70%,Lab
499,Sedgefield,,NEE,11432,18275,6426,1370,,1213,,,,,,,,38716,61.60%,18275,6843,47.20%,Lab
123,South East Cambridgeshire,CAM,EE,28845,9013,6593,12008,,3047,,,,,,,,59506,70.40%,28845,16837,48.50%,Con
163,South East Cornwall,,SWE,25516,4692,7698,8521,0,2718,,,,,,0,1353,50498,71.10%,25516,16995,50.50%,Con
500,Sefton Central,,NWE,14513,26359,4879,2086,,1184,,,,,,,,49021,72.40%,26359,11846,53.80%,Lab
501,Selby and Ainsty,,YH,27725,14168,7389,1920,,1465,,,,,,,137,52804,69.40%,27725,13557,52.50%,Con
502,Sevenoaks,,SEE,28531,6448,8970,3937,,2238,,,,,,,,50124,70.90%,28531,19561,56.90%,Con
504,Sheffield Central,,YH,4917,24308,3296,4278,,6999,,,,,,,375,44173,57.40%,24308,17309,55.00%,Lab
507,Sheffield South East,,YH,7242,21439,9128,2226,,1117,,,,,,,533,41685,59.20%,21439,12311,51.40%,Lab
503,"Sheffield, Brightside and Hillsborough",,YH,4407,22663,8856,1802,,1712,,,,,,,613,40053,54.80%,22663,13807,56.60%,Lab
505,"Sheffield, Hallam",,YH,7544,19862,3575,22215,,1772,,,,,,97,416,55481,75.30%,22215,2353,40.00%,LD
506,"Sheffield, Heeley",,YH,6792,20269,7315,4746,,2566,,,,,,,360,42048,60.70%,20269,12954,48.20%,Lab
508,Sherwood,,EM,22833,18186,7399,1094,,1108,,,,,,,78,50698,69.10%,22833,4647,45.00%,Con
509,Shipley,,YH,25269,15645,4479,1949,,2657,,,,,,,543,50542,71.70%,25269,9624,50.00%,Con
510,Shrewsbury and Atcham,,WM,24628,15063,7813,4268,,2247,,,,,,,83,54102,70.80%,24628,9565,45.50%,Con
512,Sittingbourne and Sheppey,,SEE,24425,9673,12257,1563,,1185,,,,,,,275,49378,65.00%,24425,12168,49.50%,Con
513,Skipton and Ripon,,YH,30248,9487,7651,4057,,3116,,,,,,,,54559,71.60%,30248,20761,55.40%,Con
514,Sleaford and North Hykeham,,EM,34805,10690,9716,3500,,,,,,,,,3233,61944,70.20%,34805,24115,56.20%,Con
515,Slough,,SEE,16085,23421,6274,1275,,1220,,,,,,,,48275,55.90%,23421,7336,48.50%,Lab
516,Solihull,,WM,26956,5693,6361,14054,,1632,,,,,,,83,54779,70.90%,26956,12902,49.20%,Con
519,Somerton and Frome,,SWE,31960,4419,6439,11692,,5434,,,,,,,365,60309,72.20%,31960,20268,53.00%,Con
15,South Antrim,,NI,415,,,3576,,,10993,,4699,11942,2990,,1908,36523,54.20%,11942,949,32.70%,UUP
33,South Basildon and East Thurrock,ESS,EE,19788,11493,12097,1356,,,,,,,,606,253,45593,62.30%,19788,7692,43.40%,Con
122,South Cambridgeshire,CAM,EE,31454,10860,6010,9368,,3848,,,,,,,,61540,73.10%,31454,20594,51.10%,Con
186,South Derbyshire,,EM,25066,13595,8998,1887,,1216,,,,,,,,50762,68.20%,25066,11471,49.40%,Con
199,South Dorset,,SWE,23756,11762,7304,2901,,2275,,,,,,,599,48597,67.50%,23756,11994,48.90%,Con
203,South Down,,NI,318,,3044,1622,,,3486,,12186,3964,18077,,,42697,56.80%,18077,5891,42.30%,SDLP
520,South Holland and The Deepings,,EM,29303,6122,10736,1466,,1580,,,,,,,,49207,63.90%,29303,18567,59.60%,Con
360,South Leicestershire,,EM,28700,11876,9363,3987,,,,,,,,,,53926,70.10%,28700,16824,53.20%,Con
424,South Norfolk,,EE,30995,10502,7847,4689,,3090,,,,,,,,57123,72.40%,30995,20493,54.30%,Con
429,South Northamptonshire,,EM,36607,10191,8204,3613,,2247,,,,,,,,60862,71.50%,36607,26416,60.10%,Con
521,South Ribble,,NWE,24313,18368,7377,2312,,,,,,,,,,52370,68.50%,24313,5945,46.40%,Con
522,South Shields,,NEE,6021,18589,7975,639,,1614,,,,,,1427,,36265,57.80%,18589,10614,51.30%,Lab
530,South Staffordshire,,WM,29478,9107,8267,1448,,1298,,,,,,,,49598,58.90%,29478,20371,59.40%,Con
549,South Suffolk,SUF,EE,27546,10001,7897,4044,,2253,,,,,,,166,51907,70.90%,27546,17545,53.10%,Con
561,South Swindon,,SWE,22777,16992,5920,1817,,1757,,,,,,,,49263,66.60%,22777,5785,46.20%,Con
568,South Thanet,,SEE,18838,11740,16026,932,,1076,,,,,,61,728,49401,70.40%,18838,2812,38.10%,Con
523,"Southampton, Itchen",,SEE,18656,16340,6010,1595,,1876,,,,,,,233,44710,61.80%,18656,2316,41.70%,Con
524,"Southampton, Test",,SEE,14207,18017,5566,2121,,2568,,,,,,,1173,43652,62.10%,18017,3810,41.30%,Lab
525,Southend West,,EE,22175,8154,7803,4129,,2083,,,,,,,165,44509,66.60%,22175,14021,49.80%,Con
526,Southport,,NWE,12330,8468,7429,13652,,1230,,,,,,,992,44101,65.50%,13652,1322,31.00%,LD
527,Spelthorne,,SEE,24386,9114,10234,3163,,1724,,,,,,,458,49079,68.60%,24386,14152,49.70%,Con
490,St Albans,,EE,25392,12660,4271,10076,,2034,,,,,,,,54433,75.10%,25392,12732,46.60%,Con
491,St Austell and Newquay,,SWE,20250,5150,8503,12077,,2318,,,,,,,2063,50361,65.70%,20250,8173,40.20%,Con
492,St Helens North,,NWE,9087,26378,6983,2046,,1762,,,,,,,,46256,61.50%,26378,17291,57.00%,Lab
493,St Helens South and Whiston,,NWE,7707,28950,6766,2737,,2237,,,,,,,,48397,62.30%,28950,21243,59.80%,Lab
494,St Ives,,SWE,18491,4510,5720,16022,,3051,,,,,,,518,48312,73.70%,18491,2469,38.30%,Con
528,Stafford,,WM,23606,14429,6293,1348,,1390,,,,,,1701,,48767,71.00%,23606,9177,48.40%,Con
529,Staffordshire Moorlands,,WM,21770,11596,6236,1759,,1226,,,,,,,,42587,67.50%,21770,10174,51.10%,Con
531,Stalybridge and Hyde,,NWE,11761,18447,7720,1256,,1850,,,,,,,,41034,59.40%,18447,6686,45.00%,Lab
532,Stevenage,,EE,21291,16336,6864,1582,,1369,,,,,,,357,47799,67.70%,21291,4955,44.50%,Con
533,Stirling,,SCO,12051,13303,,1392,23783,1606,,,,,,,,52135,77.50%,23783,10480,45.60%,SNP
534,Stockport,,NWE,9710,19771,5206,3034,,1753,,,,,,,175,39649,62.00%,19771,10061,49.90%,Lab
535,Stockton North,,NEE,11069,19436,7581,884,,,,,,,,,601,39571,59.80%,19436,8367,49.10%,Lab
536,Stockton South,,NEE,24221,19175,5480,1366,,952,,,,,,,603,51797,69.00%,24221,5046,46.80%,Con
537,Stoke-on-Trent Central,,WM,7008,12220,7041,1296,,1123,,,,,,2120,276,31084,49.90%,12220,5179,39.30%,Lab
538,Stoke-on-Trent North,,WM,10593,15429,9542,1137,,1091,,,,,,,862,38654,53.20%,15429,4836,39.90%,Lab
539,Stoke-on-Trent South,,WM,12780,15319,8298,1309,,1029,,,,,,,372,39107,56.90%,15319,2539,39.20%,Lab
540,Stone,,WM,25733,9483,7620,2473,,1191,,,,,,,531,47031,69.80%,25733,16250,54.70%,Con
541,Stourbridge,,WM,21195,14501,7774,1538,,1021,,,,,,,,46029,66.60%,21195,6694,46.00%,Con
542,Strangford,,NI,2167,,2237,4687,,,15053,,876,4868,2335,,1701,33924,52.80%,15053,10185,44.40%,DUP
543,Stratford-on-Avon,,WM,29674,6677,6798,6182,,2128,,,,,,,,51459,72.60%,29674,22876,57.70%,Con
544,Streatham,,LON,12540,26474,1602,4491,,4421,,,,,,,405,49933,63.50%,26474,13934,53.00%,Lab
545,Stretford and Urmston,,NWE,12916,24601,5068,1362,,2187,,,,,,,252,46386,66.80%,24601,11685,53.00%,Lab
546,Stroud,,SWE,27813,22947,4848,2086,,2779,,,,,,,346,60819,75.50%,27813,4866,45.70%,Con
548,Suffolk Coastal,SUF,EE,28855,10013,8655,4777,,3294,,,,,,,,55594,71.70%,28855,18842,51.90%,Con
551,Sunderland Central,,NEE,9780,20959,7997,1105,,1706,,,,,,,215,41762,57.30%,20959,11179,50.20%,Lab
553,Surrey Heath,,SEE,32582,6100,7778,4937,,2400,,,,,,,634,54431,68.50%,32582,24804,59.90%,Con
556,Sutton and Cheam,,LON,20732,5546,5341,16811,,1051,,,,,,,424,49905,72.20%,20732,3921,41.50%,Con
557,Sutton Coldfield,,WM,27782,11365,7489,2627,,1426,,,,,,,165,50854,67.80%,27782,16417,54.60%,Con
558,Swansea East,,WAL,5142,17807,5779,1392,,,,3498,,,,,,33618,58%,17807,12028,53%,Lab
559,Swansea West,,WAL,7931,14967,4744,3178,,1784,,2266,,,,78,208,35156,59.80%,14967,7036,42.60%,Lab
44,South West Bedfordshire,BED,EE,28212,10399,7941,2646,,2106,,,,,,,,51304,64.40%,28212,17813,55.00%,Con
191,South West Devon,,SWE,28500,8391,7306,3767,,2408,,,,,,,,50372,70.90%,28500,20109,56.60%,Con
310,South West Hertfordshire,,EE,32608,9345,6603,5872,,2583,,,,,,,256,57267,71.90%,32608,23263,56.90%,Con
425,South West Norfolk,,EE,25515,8649,11654,2217,,2075,,,,,,,,50110,65.10%,25515,13861,50.90%,Con
554,South West Surrey,,SEE,34199,5415,5643,3586,,3105,,,,,,4851,320,57119,74.10%,28784,25370,50.40%,Con
620,South West Wiltshire,,SWE,27198,6948,9030,5482,,2985,,,,,,,,51643,70.70%,27198,18168,52.70%,Con
562,Tamworth,,WM,23606,12304,8727,1427,,1110,,,,,,,,47174,65.60%,23606,11302,50.00%,Con
563,Tatton,,NWE,26552,8311,4871,3850,,1714,,,,,,,,45298,70.20%,26552,18241,58.60%,Con
564,Taunton Deane,,SWE,27849,5347,6921,12358,,2630,,,,,,2568,214,57887,70.70%,27849,15491,48.10%,Con
565,Telford,,WM,16094,15364,7330,927,,930,,,,,,,,40645,61.40%,16094,730,39.60%,Con
566,Tewkesbury,,SWE,30176,8204,7128,7629,,2207,,,,,,,,55344,70.50%,30176,21972,54.50%,Con
161,The Cotswolds,,SWE,32045,5240,6188,10568,,2626,,,,,,,,56667,72.40%,32045,3149,56.50%,Con
640,The Wrekin,,WM,22579,11836,7620,1959,,1443,,,,,,,,45437,68.90%,22579,10743,49.70%,Con
569,Thirsk and Malton,,YH,27545,8089,7805,4703,,2404,,,,,,,1819,52365,67.60%,27545,19456,52.60%,Con
570,Thornbury and Yate,,SWE,19924,3775,5126,18429,,1316,,,,,,,,48570,73.70%,19924,1495,41.00%,Con
571,Thurrock,,EE,16692,16156,15718,644,,,,,,,,,354,49564,63.90%,16692,536,33.70%,Con
572,Tiverton and Honiton,,SWE,29030,6835,8857,5626,,3415,,,,,,,,53763,70.50%,29030,20173,54.00%,Con
573,Tonbridge and Malling,,SEE,31887,7604,8153,3660,,2366,,,,,,,,53670,71.70%,31887,23734,59.40%,Con
574,Tooting,,LON,22421,25263,1537,2107,,2201,,,,,,,,53529,69.70%,25263,2842,47.20%,Lab
575,Torbay,,SWE,19551,4166,6540,16265,,1557,,,,,,,,48079,63.00%,19551,3286,40.70%,Con
576,Torfaen,,WAL,8769,16938,7203,1271,,746,,2169,,,,,841,37937,61.30%,16938,8169,44.60%,Lab
192,Torridge and West Devon,,SWE,28774,6015,10371,7483,,3941,,,,,,,,56584,72.00%,28774,18403,50.90%,Con
577,Totnes,,SWE,24941,5988,6656,4667,,4845,,,,,,,,47097,68.60%,24941,18285,53.00%,Con
578,Tottenham,,LON,5090,28654,1512,1756,,3931,,,,,,1324,291,42558,60.10%,28654,23564,67.30%,Lab
579,Truro and Falmouth,,SWE,22681,7814,5967,8681,,4483,,,,,,,1918,51544,70.00%,22681,14000,44.00%,Con
580,Tunbridge Wells,,SEE,30181,7307,6481,4342,,2659,,,,,,,458,51428,70.00%,30181,22874,58.70%,Con
581,Twickenham,,LON,25580,7129,3069,23563,,2463,,,,,,,200,62004,77.30%,25580,2017,41.30%,Con
582,Tynemouth,,NEE,17551,25791,6541,1595,,2017,,,,,,,,53495,69.00%,25791,8240,48.20%,Lab
586,Upper Bann,,NI,201,,,1780,,,15430,,11593,13166,4238,,811,47219,59%,15430,2264,32.70%,DUP
587,Uxbridge and South Ruislip,,LON,22511,11816,6346,2215,,1414,,,,,,,509,44811,63.40%,22511,10695,50.20%,Con
588,Vale of Clwyd,,WAL,13760,13523,4577,915,,,,2486,,,,,,35261,62.40%,13760,237,39.00%,Con
589,Vale of Glamorgan,,WAL,23607,16727,5489,1309,,1054,,2869,,,,,238,51293,71.10%,23607,6880,46.00%,Con
590,Vauxhall,,LON,13070,25778,1385,3312,,3658,,,,,,,738,47941,58.70%,25778,12708,53.80%,Lab
591,Wakefield,,YH,14688,17301,7862,1483,,1069,,,,,,,570,42973,60.90%,17301,2613,40.30%,Lab
592,Wallasey,,NWE,9828,26176,5063,1011,,1288,,,,,,,,43366,66.20%,26176,16348,60.40%,Lab
593,Walsall North,,WM,12455,14392,8122,840,,529,,,,,,,554,36892,55.00%,14392,1937,39.00%,Lab
594,Walsall South,,WM,13733,19740,6540,676,,1149,,,,,,,,41838,61.80%,19740,6007,47.20%,Lab
595,Walthamstow,,LON,5584,28779,2507,1661,,2661,,,,,,,604,41796,62.10%,28779,23195,68.90%,Lab
596,Wansbeck,,NEE,8386,19267,7014,2407,,1454,,,,,,,,38528,60.90%,19267,10881,50.00%,Lab
597,Wantage,,SEE,31092,9343,7288,7611,,2986,,,,,,,,58320,69.80%,31092,21749,53.30%,Con
598,Warley,,WM,7310,22012,6237,805,,1465,,,,,,,,37829,59.30%,22012,14702,58.20%,Lab
599,Warrington North,,NWE,12797,21720,7757,1881,,1264,,,,,,,,45419,62.50%,21720,8923,47.80%,Lab
600,Warrington South,,NWE,25928,23178,4909,3335,,1765,,,,,,,238,59353,69.40%,25928,2750,43.70%,Con
601,Warwick and Leamington,,WM,24249,17643,4183,2512,,1994,,,,,,,,50581,70.50%,24249,6606,47.90%,Con
603,Washington and Sunderland West,,NEE,7033,20478,7321,993,,1091,,,,,,,341,37257,54.60%,20478,13157,55.00%,Lab
604,Watford,,EE,24400,14606,5481,10152,,1332,,,,,,,178,56149,66.60%,24400,9794,43.50%,Con
605,Waveney,,EE,22104,19696,7580,1055,,1761,,,,,,,,52196,65.10%,22104,2408,42.30%,Con
606,Wealden,,SEE,32508,6165,9541,5180,,3623,,,,,,,,57017,71.00%,32508,22967,57.00%,Con
607,Weaver Vale,,NWE,20227,19421,4547,1395,,1183,,,,,,,94,46867,68.50%,20227,806,43.20%,Con
608,Wellingborough,,EM,26265,9839,9868,2240,,2218,,,,,,,,50430,65.40%,26265,16397,52.10%,Con
609,Wells,,SWE,26247,3780,5644,18662,,2331,,,,,,159,81,56904,71.70%,26247,7585,46.10%,Con
610,Welwyn Hatfield,,EE,25281,13128,6556,3140,,1742,,,,,,,358,50205,68.50%,25281,12153,50.40%,Con
611,Wentworth and Dearne,,YH,6441,24571,10733,1135,,,,,,,,,309,43189,58.10%,24571,13838,56.90%,Lab
5,West Aberdeenshire & Kincardine,,SCO,"15,916","2,487","1,006","11,812","22,949",885,,,,,,141,,"55,196",75.20%,"22,949","7,033",41.58%,SNP
612,West Bromwich East,,WM,9347,18817,7949,751,,628,,,,,,,,37492,58.90%,18817,9470,50.20%,Lab
613,West Bromwich West,,WM,8365,16578,8836,550,,697,,,,,,,,35026,53.40%,16578,7742,47.30%,Lab
200,West Dorset,,SWE,28329,5633,7055,12199,,3242,,,,,,,,56458,72.00%,28329,16130,50.20%,Con
210,West Dunbartonshire,,SCO,3597,16027,,816,30198,,,,,,,503,,51141,73.90%,30198,14171,59%,SNP
614,West Ham,,LON,8146,36132,3950,1430,,2651,,,,,,,484,52793,58.20%,36132,27986,68.40%,Lab
349,West Lancashire,,NWE,16114,24474,6058,1298,,1582,,,,,,,150,49676,70.00%,24474,8360,49.30%,Lab
550,West Suffolk,SUF,EE,25684,8604,10700,2465,,1779,,,,,,,,49232,64.60%,25684,14984,52.20%,Con
584,West Tyrone,,NI,169,,,869,,780,6747,,16807,6144,6444,166,528,38654,60.50%,16807,10060,43.50%,SF
635,West Worcestershire,,WM,30342,7244,7764,5245,,3505,,,,,,,,54100,73.70%,30342,22578,56.10%,Con
615,Westminster North,,LON,16527,18504,1489,1457,,1322,,,,,,,215,39514,63.40%,18504,1977,46.80%,Lab
616,Westmorland and Lonsdale,,NWE,16245,2661,3031,25194,,1798,,,,,,,,48929,74.30%,25194,8949,51.50%,LD
617,Weston-Super-Mare,,SWE,25203,9594,9366,5486,,2592,,,,,,,311,52552,66.10%,25203,15609,48.00%,Con
618,Wigan,,NWE,9389,23625,8818,1255,,1273,,,,,,,933,45293,59.50%,23625,14236,52.20%,Lab
621,Wimbledon,,LON,25225,12606,2476,6129,,1986,,,,,,,,48422,73.50%,25225,12619,52.10%,Con
622,Winchester,,SEE,30425,4613,4122,13511,,2645,,,,,,,,55316,74.60%,30425,16914,55.00%,Con
623,Windsor,,SEE,31797,6714,4992,4323,,1834,,,,,,,500,50160,72.90%,31797,25083,63.40%,Con
624,Wirral South,,NWE,15566,20165,3737,1474,,895,,,,,,,,41837,73.50%,20165,4599,48.20%,Lab
625,Wirral West,,NWE,18481,18898,2772,1433,,,,,,,,,274,41858,75.60%,18898,417,45.10%,Lab
626,Witham,,EE,27123,7467,7569,2891,,2038,,,,,,,80,47168,70.30%,27123,19554,57.50%,Con
627,Witney,,SEE,35201,10046,5352,3953,,2970,,,,,,106,854,58482,73.30%,35201,25155,60.20%,Con
628,Woking,,SEE,29199,8389,5873,6047,,2109,,,,,,,347,51964,70.00%,29199,20810,56.20%,Con
629,Wokingham,,SEE,32329,8132,5516,7572,,2092,,,,,,,358,55999,71.90%,32329,24197,57.70%,Con
630,Wolverhampton North East,,WM,10174,15669,6524,935,,701,,,,,,,,34003,55.70%,15669,5495,46.10%,Lab
631,Wolverhampton South East,,WM,7761,18539,7061,798,,605,,,,,,,,34764,55.60%,18539,10778,53.30%,Lab
632,Wolverhampton South West,,WM,16573,17374,4310,845,,1058,,,,,,,49,40209,66.60%,17374,801,43.20%,Lab
633,Worcester,,WM,22534,16888,6378,1677,,2024,,,,,,,222,49723,70.00%,22534,5646,45.30%,Con
636,Workington,,NWE,11596,16282,7538,1708,,1149,,,,,,,190,38463,65.60%,16282,4686,42.30%,Lab
637,Worsley and Eccles South,,NWE,12654,18600,7688,1100,,1242,,,,,,,764,42048,58.30%,18600,5946,44.20%,Lab
639,Worthing West,,SEE,26124,7955,9269,4477,,2938,,,,,,,,50763,67.10%,26124,16855,51.50%,Con
641,Wrexham,,WAL,10350,12181,5072,1735,,669,,2501,,,,211,,32719,64.20%,12181,1831,37.20%,Lab
642,Wycombe,,SEE,26444,11588,5198,4546,,3086,,,,,,,577,51439,67.40%,26444,14856,51.40%,Con
643,Wyre and Preston North,,NWE,26528,12377,6577,2712,,1699,,,,,,,,49893,70.60%,26528,14151,53.20%,Con
644,Wyre Forest,,WM,22394,9523,7967,1228,,1117,,,,,,7211,,49440,63.80%,22394,12871,45.30%,Con
645,Wythenshawe and Sale East,,NWE,11124,21693,6354,1927,,1658,,,,,,,507,43263,56.90%,21693,10569,50.10%,Lab
646,Yeovil,,SWE,24178,4053,7646,18865,,2191,,,,,,,,56933,69.10%,24178,5313,42.50%,Con
647,Ynys Mon,,WAL,7393,10871,5121,751,,,,10642,,,,,148,34926,69.90%,10871,229,31.10%,Lab
648,York Central,,YH,13496,20212,4795,3804,,4791,,,,,,,579,47677,63.30%,20212,6716,42.40%,Lab
649,York Outer,,YH,26477,13348,5251,6269,,2558,,,,,,,,53903,68.60%,26477,13129,49.10%,Con
