PAID,Constituency,Con,Lab,LD,SNP,PC,UKIP,G,Ind,Oth
11,Amber Valley,"25,905","17,605","1,100",,,,650,551,
19,Ashfield,"20,844","21,285",868,,,,398,"4,612",
35,Bassetlaw,"22,615","27,567","1,154",,,,,"1,014",
75,Bolsover,"18,865","24,153","1,372",,,"2,129",,,
80,Boston & Skegness,"27,271","10,699",771,,,"3,308",547,283,
81,Bosworth,"31,864","13,513","9,744",,,,"1,047",,
107,Broxtowe,"25,983","25,120","2,247",,,"1,477",681,,
136,Charnwood,"33,318","16,977","2,052",,,"1,471","1,036",322,
144,Chesterfield,"16,661","26,266","2,612",,,"1,611",777,,
161,Corby,"29,534","26,844","1,545",,,"1,495",579,,
178,Daventry,"35,464","13,730","4,015",,,"1,497",957,,
181,Derby North,"21,607","23,622","2,262",,,"1,181",,,
182,Derby South,"15,182","26,430","1,229",,,"2,011",454,,
184,Derbyshire Dales,"29,744","15,417","3,126",,,,"1,002",282,
241,Erewash,"25,939","21,405","1,243",,,,675,519,
257,Gainsborough,"31,790","14,767","3,630",,,,"1,238",,
260,Gedling,"22,139","26,833","1,052",,,"1,143",515,,
274,Grantham & Stamford,"35,090","14,996","3,120",,,"1,745",782,860,
291,Harborough,"30,105","17,706","7,286",,,"1,361","1,110",,
314,High Peak,"24,431","26,753","2,669",,,,,,
341,Kettering,"28,616","18,054","1,618",,,,"1,116",,
356,Leicester East,"12,668","35,116","1,343",,,,"1,070","1,753",454
357,Leicester South,"10,986","37,157","1,287",,,,"1,177",,
358,Leicester West,"11,736","22,823",792,,,"1,406",607,121,
368,Lincoln,"21,795","23,333","1,284",,,"1,287",583,312,
377,Loughborough,"27,022","22,753","1,937",,,"1,465",971,,
378,Louth & Horncastle,"33,733","14,092","1,990",,,"2,460",,,496
390,Mansfield,"23,392","22,335",697,,,"2,654",,"1,079",
184,Mid Derbyshire,"29,513","17,897","1,793",,,,"1,168",,
411,Newark,"34,493","16,344","2,786",,,"1,419",,,
185,North East Derbyshire,"24,784","21,923","1,390",,,"1,565",719,,
359,North West Leicestershire,"31,153","17,867","3,420",,,,"1,101",,
427,Northampton North,"19,065","18,258","1,015",,,"1,404",636,,
428,Northampton South,"19,231","18,072","1,405",,,"1,630",696,,
432,Nottingham East,"8,512","28,102","1,003",,,817,698,,195
433,Nottingham North,"11,907","23,067",674,,,"2,133",538,,
434,Nottingham South,"14,851","30,013","1,564",,,"1,103",598,,
486,Rushcliffe,"30,223","22,213","2,759",,,"1,490","1,626",,
488,Rutland & Melton,"36,169","13,065","4,711",,,"1,869","1,755",,
508,Sherwood,"27,492","22,294","1,113",,,"1,801",664,,
514,Sleaford & North Hykeham,"42,245","17,008","2,722",,,"1,954",968,900,
186,South Derbyshire,"30,907","18,937","1,870",,,,917,,
520,South Holland & The Deepings,"35,179","10,282","1,433",,,"2,185",894,342,
360,South Leicestershire,"34,795","16,164","2,403",,,"2,235","1,092",,
429,South Northamptonshire,"40,599","17,759","3,623",,,"1,363","1,357",297,
608,Wellingborough,"30,579","18,119","1,782",,,"1,804",956,,
32,Basildon & Billericay,"27,381","13,981","1,548",,,"2,008",,,
41,Bedford,"21,923","22,712","2,837",,,,"1,008",,
88,Braintree,"32,873","14,451","2,251",,,"1,835",916,,
93,Brentwood & Ongar,"34,811","10,809","4,426",,,"1,845",915,,
103,Broadland,"32,406","16,590","4,449",,,"1,594",932,,
106,Broxbourne,"29,521","13,723","1,481",,,"1,918",848,,
113,Bury St Edmunds,"36,794","18,353","3,565",,,,"2,596",852,
119,Cambridge,"9,133","29,032","16,371",,,,"1,265",133,
134,Castle Point,"30,076","11,204","1,049",,,"2,381",,,
547,Central Suffolk & North Ipswich,"33,992","16,807","2,431",,,"1,635","1,639",,
139,Chelmsford,"30,525","16,953","6,916",,,"1,645",821,,
152,Clacton,"27,031","11,203",,,,"3,357",719,,
157,Colchester,"24,565","18,888","9,087",,,,828,,177
239,Epping Forest,"31,462","13,219","2,884",,,"1,871","1,233",,110
277,Great Yarmouth,"23,901","15,928",987,,,"2,767",563,,
292,Harlow,"24,230","17,199",970,,,"1,787",660,,
297,Harwich & North Essex,"29,921","15,565","2,787",,,"1,685","1,042",,141
302,Hemel Hempstead,"28,735","19,290","3,233",,,,"1,024",,
308,Hertford & Stortford,"36,184","17,149","4,845",,,,"1,814",,
311,Hertsmere,"31,928","14,977","2,794",,,"1,564",990,,
315,Hitchin & Harpenden,"31,189","19,158","6,236",,,,"1,329",692,242
326,Huntingdon,"32,915","18,440","5,090",,,"2,180","1,095",,
332,Ipswich,"23,393","24,224","1,187",,,"1,372",840,,
380,Luton North,"15,401","29,765",808,,,,648,,
381,Luton South,"14,879","28,804","1,056",,,795,439,160,
386,Maldon,"34,111","10,681","2,181",,,"1,899","1,073",,257
42,Mid Bedfordshire,"38,936","17,953","3,798",,,,"1,794",,667
421,Mid Norfolk,"32,828","16,742","2,848",,,"2,092","1,158",,
43,North East Bedfordshire,"39,139","18,277","3,693",,,"1,896","1,215",,
120,North East Cambridgeshire,"34,340","13,070","2,383",,,"2,174","1,024",,293
309,North East Hertfordshire,"32,587","15,752","4,276",,,,"2,965",,
4,North Norfolk,"21,748","5,180","25,260",,,,,,
121,North West Cambridgeshire,"37,529","19,521","3,168",,,"2,518","1,255",,
423,North West Norfolk,"29,408","15,620","1,393",,,"1,539",851,,
430,Norwich North,"21,900","21,393","1,480",,,,782,,340
431,Norwich South,"15,715","31,311","2,841",,,,"1,492",,
451,Peterborough,"22,343","22,950","1,597",,,,848,,
463,Rayleigh & Wickford,"36,914","13,464","1,557",,,"2,326","1,062",,
474,Rochford & Southend East,"23,013","17,465","1,265",,,"1,777",804,"2,924",
489,Saffron Walden,"37,629","12,663","8,528",,,"2,091",,,
33,South Basildon & East Thurrock,"26,889","15,321",732,,,"3,193",680,,383
122,South Cambridgeshire,"33,631","17,679","12,102",,,,"1,512",,
123,South East Cambridgeshire,"33,601","17,443","11,958",,,,,,
424,South Norfolk,"35,580","18,902","5,074",,,,"1,555",,
549,South Suffolk,"32,829","15,080","3,154",,,"1,449","1,723",,
44,South West Bedfordshire,"32,961","18,793","2,630",,,,950,,301
310,South West Hertfordshire,"35,128","15,578","7,078",,,"1,293","1,576",,
425,South West Norfolk,"32,894","14,582","2,365",,,"2,575",,,
525,Southend West,"26,046","16,046","2,110",,,"1,666",831,187,305
490,St Albans,"24,571","13,137","18,462",,,,828,,
532,Stevenage,"24,798","21,414","2,032",,,,"1,085",,
548,Suffolk Coastal,"33,713","17,701","4,048",,,,"1,802",810,
571,Thurrock,"19,880","19,535",789,,,"10,112",,,
604,Watford,"26,731","24,639","5,335",,,"1,184",721,,
605,Waveney,"28,643","19,428","1,012",,,"1,933","1,332",326,
610,Welwyn Hatfield,"26,374","19,005","3,836",,,"1,441",835,178,
550,West Suffolk,"31,649","14,586","2,180",,,"2,396",935,,
626,Witham,"31,670","13,024","2,715",,,,"1,832",,
28,Barking,"10,711","32,319",599,,,"3,031",724,295,
38,Battersea,"22,876","25,292","4,401",,,357,866,"1,234",32
40,Beckenham,"30,632","15,545","4,073",,,,"1,380",,
49,Bermondsey & Old Southwark,"7,581","31,161","18,189",,,838,639,113,
52,Bethnal Green & Bow,"7,576","42,969","2,982",,,894,"1,516","3,888",
55,Bexleyheath & Crayford,"25,113","16,040","1,201",,,"1,944",601,,290
90,Brent Central,"10,211","38,208","2,519",,,556,802,,
91,Brent North,"18,435","35,496","1,614",,,,660,239,
92,Brentford & Isleworth,"23,182","35,364","3,083",,,,,,
104,Bromley & Chislehurst,"25,175","15,585","3,369",,,"1,383","1,150",,
117,Camberwell & Peckham,"7,349","44,665","3,413",,,,"1,627",358,
133,Carshalton & Wallington,"19,450","9,360","20,819",,,,501,434,189
140,Chelsea & Fulham,"22,179","13,991","4,627",,,524,807,,
146,Chingford & Woodford Green,"23,076","20,638","2,043",,,,"1,204",,
148,Chipping Barnet,"25,679","25,326","3,012",,,,"1,406",,
151,Cities of London & Westminster,"18,005","14,857","4,270",,,426,821,173,102
170,Croydon Central,"24,221","29,873","1,083",,,"1,040",626,71,177
171,Croydon North,"11,848","44,213","1,656",,,753,983,170,
172,Croydon South,"33,334","21,928","3,541",,,"1,116","1,125",,213
175,Dagenham & Rainham,"18,000","22,958",465,,,"3,246",544,239,85
206,Dulwich & West Norwood,"10,940","39,096","4,475",,,,"1,408",121,103
218,Ealing Central & Acton,"19,230","33,037","3,075",,,,,,
219,Ealing North,"14,942","34,635","1,275",,,921,745,,
220,"Ealing, Southall","9,630","31,720","1,892",,,504,"1,037",362,
222,East Ham,"7,241","47,124",656,,,697,474,130,311
233,Edmonton,"10,106","31,221",858,,,860,633,,
236,Eltham,"18,832","25,128","1,457",,,,,,738
237,Enfield North,"17,930","28,177","1,036",,,848,574,,
238,"Enfield, Southgate","20,634","24,989","1,925",,,,780,,
242,Erith & Thamesmead,"15,571","25,585",750,,,"1,728",507,80,243
248,Feltham & Heston,"16,859","32,562","1,387",,,"1,510",809,,
252,Finchley & Golders Green,"24,599","22,942","3,463",,,462,919,,
278,Greenwich & Woolwich,"13,501","34,215","3,785",,,,"1,605",,
280,Hackney North & Stoke Newington,"7,126","42,265","3,817",,,,"2,606",203,281
281,Hackney South & Shoreditch,"6,043","43,974","3,168",,,,"1,522",143,278
286,Hammersmith,"14,724","33,375","2,802",,,507,800,44,
290,Hampstead & Kilburn,"18,904","34,464","4,100",,,,742,136,61
294,Harrow East,"25,129","23,372","1,573",,,,771,,
295,Harrow West,"17,326","30,640","1,267",,,470,652,,
300,Hayes & Harlington,"13,681","31,796",601,,,"1,153",571,,
304,Hendon,"25,078","24,002","1,985",,,568,578,,
316,Holborn & St Pancras,"10,834","41,343","4,020",,,727,"1,980",,93
317,Hornchurch & Upminster,"33,750","16,027","1,371",,,"3,502","1,077",,380
318,Hornsey & Wood Green,"9,246","40,738","10,000",,,429,"1,181",,699
328,Ilford North,"20,950","30,589","1,034",,,,,368,
329,Ilford South,"12,077","43,724",772,,,477,542,,65
334,Islington North,"6,871","40,086","4,946",,,413,"2,229",41,642
335,Islington South & Finsbury,"9,925","30,188","5,809",,,929,"1,198",,
340,Kensington,"16,313","16,333","4,724",,,,767,393,147
343,Kingston & Surbiton,"23,686","9,203","27,810",,,675,536,100,168
364,Lewisham East,"10,859","32,072","2,086",,,798,803,355,228
365,Lewisham West & Penge,"12,249","35,411","3,317",,,700,"1,144",,375
363,"Lewisham, Deptford","7,562","42,461","2,911",,,,"1,640",,538
366,Leyton & Wanstead,"9,627","32,234","2,961",,,,"1,351",,
399,Mitcham & Morden,"11,664","33,039","1,494",,,"1,054",644,,223
438,Old Bexley & Sidcup,"29,545","14,079","1,572",,,"1,619",820,,407
442,Orpington,"31,762","12,309","3,315",,,"2,023","1,060",,
456,Poplar & Limehouse,"11,846","39,958","3,959",,,849,989,"1,603",
462,Putney,"20,679","19,125","5,448",,,477,"1,107",58,
472,Richmond Park,"28,588","5,773","28,543",,,426,,,
477,Romford,"29,671","15,893","1,215",,,"2,350",815,,
484,"Ruislip, Northwood & Pinner","30,555","16,575","3,813",,,"1,171","1,286",,
544,Streatham,"11,927","38,212","3,611",,,349,"1,696",,
556,Sutton & Cheam,"26,567","10,663","13,869",,,,871,,
574,Tooting,"19,236","34,694","3,057",,,339,845,,
578,Tottenham,"5,665","40,249","1,687",,,462,"1,267",,
581,Twickenham,"25,207","6,114","34,969",,,,,,
587,Uxbridge & South Ruislip,"23,716","18,682","1,835",,,"1,577",884,,
590,Vauxhall,"10,277","31,576","11,326",,,,"1,152",,711
595,Walthamstow,"6,776","38,700","1,384",,,,"1,190",,
614,West Ham,"9,837","46,591","1,836",,,"1,134",957,353,
615,Westminster North,"14,422","25,934","2,253",,,,595,91,
612,Wimbledon,"23,946","18,324","7,427",,,553,"1,231",,
50,Berwick-upon-Tweed,"22,145","10,364","8,916",,,,787,,
66,Bishop Auckland,"20,306","20,808","1,176",,,,,,991
72,Blaydon,"13,502","26,979","4,366",,,"2,459",583,114,81
73,Blyth Valley,"15,855","23,770","1,947",,,,918,,
214,City of Durham,"14,408","26,772","4,787",,,"1,116",797,399,45
176,Darlington,"19,401","22,681","1,031",,,"1,180",524,,
221,Easington,"8,216","23,152",416,,,"1,727",410,,"2,355"
259,Gateshead,"10,076","27,426","1,709",,,"2,281",611,,
296,Hartlepool,"14,319","21,969",746,,,"4,801",,,
312,Hexham,"24,996","15,760","3,285",,,930,"1,253",,
320,Houghton & Sunderland South,"12,324","24,765",908,,,"2,379",725,479,
337,Jarrow,"10,757","28,020","1,163",,,"2,338",745,,
394,Middlesbrough,"9,531","23,404",368,,,"1,452",250,632,
395,Middlesbrough South & East Cleveland,"23,643","22,623","1,354",,,,,,
414,Newcastle upon Tyne Central,"9,134","24,071","1,812",,,"1,482",595,,
415,Newcastle upon Tyne East,"8,866","28,127","2,574",,,"1,315",755,,
416,Newcastle upon Tyne North,"16,380","26,729","2,533",,,"1,780",513,,353
215,North Durham,"12,978","25,917","1,981",,,"2,408",,,
583,North Tyneside,"14,172","33,456","1,494",,,"2,101",669,,
216,North West Durham,"16,516","25,308","3,398",,,"2,150",530,,
466,Redcar,"14,138","23,623","2,849",,,"1,950",,,
499,Sedgefield,"16,143","22,202",797,,,"1,763",686,,
522,South Shields,"10,570","25,078",681,,,"3,006","1,437",,
535,Stockton North,"15,589","24,304",646,,,"1,834",358,,
536,Stockton South,"25,214","26,102",951,,,"1,186",371,,
551,Sunderland Central,"15,089","25,056","1,777",,,"2,209",705,305,
585,Tynemouth,"20,729","32,395","1,724",,,"1,257",629,124,
596,Wansbeck,"13,903","24,338","2,015",,,"1,483",715,,
603,Washington & Sunderland West,"11,699","24,639",961,,,"2,761",514,,
9,Altrincham & Sale West,"26,933","20,507","4,051",,,,"1,000",299,
21,Ashton-under-Lyne,"12,710","24,005",646,,,"1,878",534,,
31,Barrow & Furness,"22,383","22,592","1,278",,,962,375,,-
56,Birkenhead,"8,044","33,558","1,118",,,,943,,-
67,Blackburn,"12,780","33,148",709,,,,,875,-
68,Blackley & Broughton,"8,657","28,258",737,,,"1,825",462,,174
69,Blackpool North & Cleveleys,"20,255","18,232",747,,,"1,392",381,,-
70,Blackpool South,"15,058","17,581",634,,,"1,339",341,,-
76,Bolton North East,"19,073","22,870","1,316",,,"1,567",357,,-
77,Bolton South East,"12,550","25,676",781,,,"2,779",537,,
78,Bolton West,"24,459","23,523","1,485",,,"1,587",,,
79,Bootle,"6,059","42,259",837,,,,709,,424
109,Burnley,"12,479","18,832","6,046",,,"2,472",461,,
111,Bury North,"21,308","25,683",912,,,,,,
112,Bury South,"21,200","27,165","1,065",,,"1,316",,244,
130,Carlisle,"21,472","18,873","1,256",,,"1,455",,,
138,Cheadle,"24,331","10,417","19,824",,,,,,
149,Chorley,"23,233","30,745","1,126",,,,530,,
143,City of Chester,"22,847","32,073","1,551",,,,,,
159,Congleton,"31,830","19,211","2,902",,,"1,289",999,,
160,Copeland,"21,062","19,367","1,404",,,"1,094",,,
169,Crewe & Nantwich,"25,880","25,928","1,334",,,"1,885",,,
180,Denton & Reddish,"11,084","25,161",853,,,"1,798",486,,217
227,Eddisbury,"29,192","17,250","2,804",,,"1,109",785,,179
234,Ellesmere Port & Neston,"18,747","30,137",892,,,821,342,,
256,Fylde,"27,334","15,529","2,341",,,,"1,263",,
258,Garston & Halewood,"9,450","41,599","1,723",,,,750,,
285,Halton,"10,710","36,150",896,,,"1,488",,309,
301,Hazel Grove,"20,047","9,036","14,533",,,,516,,
313,Heywood & Middleton,"18,961","26,578","1,087",,,"3,239",,,
327,Hyndburn,"18,305","24,120",824,,,"1,953",,,
346,Knowsley,"5,137","47,351","1,189",,,"1,285",521,,
350,Lancaster & Fleetwood,"18,681","25,342","1,170",,,,796,,
360,Leigh,"16,793","26,347",951,,,"2,783",,,
370,"Liverpool, Riverside","4,652","40,599","1,187",,,,"1,582",,
371,"Liverpool, Walton","3,624","36,175",638,,,,523,"1,237",
372,"Liverpool, Wavertree","5,251","34,717","2,858",,,,598,216,
373,"Liverpool, West Derby","4,463","37,371",545,,,,,,"2,150"
382,Macclesfield,"28,595","19,987","3,350",,,,,,
385,Makerfield,"14,703","28,245","1,322",,,,329,,"2,663"
387,Manchester Central,"7,045","38,490","1,678",,,"1,469",846,,192
388,"Manchester, Gorton","3,355","35,085","2,597",,,952,"1,038","2,615",311
389,"Manchester, Withington","5,530","38,424","8,549",,,,865,,234
404,Morecambe & Lunesdale,"21,773","20,374","1,699",,,"1,333",478,,
439,Oldham East & Saddleworth,"17,447","25,629","1,683",,,"2,278",,,
440,Oldham West & Royton,"12,648","29,846",956,,,,,,
447,Pendle,"21,986","20,707",941,,,,502,,718
449,Penrith & The Border,"28,078","12,168","3,641",,,"1,142","1,029",412,
460,Preston,"8,487","24,210","1,348",,,"1,348",348,,
471,Ribble Valley,"31,919","18,720","3,247",,,,"1,314",,
474,Rochdale,"14,216","29,035","4,027",,,"1,641",,883,242
480,Rossendale & Darwen,"25,499","22,283","1,550",,,,824,,
495,Salford & Eccles,"12,036","31,168","1,286",,,"2,320",809,,
500,Sefton Central,"17,212","32,830","1,381",,,,656,,
521,South Ribble,"28,980","21,559","2,073",,,"1,387",494,,341
526,Southport,"18,541","15,627","12,661",,,"1,127",,,
492,St Helens North,"13,606","32,012","1,287",,,"2,097","1,220",,
493,St Helens South & Whiston,"11,536","35,879","2,101",,,"1,953","1,417",,
531,Stalybridge & Hyde,"16,193","24,277",996,,,,991,,
534,Stockport,"11,805","26,282","1,778",,,"1,088",591,,
545,Stretford & Urmston,"13,814","33,519","1,001",,,"1,094",641,122,
563,Tatton,"28,764","13,977","4,431",,,,"1,024",920,
592,Wallasey,"11,232","34,552",772,,,"1,160",637,,
599,Warrington North,"17,774","27,356","1,207",,,"1,561",619,,
600,Warrington South,"27,445","29,994","3,339",,,,,"1,217",
607,Weaver Vale,"22,138","26,066","1,623",,,,786,,
349,West Lancashire,"20,341","32,030","1,069",,,,680,,269
616,Westmorland & Lonsdale,"22,909","4,783","23,686",,,,,309,
618,Wigan,"13,548","29,575",916,,,"2,750",753,,
624,Wirral South,"17,548","25,871","1,322",,,,454,,
625,Wirral West,"18,501","23,866","1,155",,,,429,,
629,Workington,"17,392","21,317","1,133",,,"1,556",,278,
637,Worsley & Eccles South,"17,667","26,046","1,087",,,,842,,
643,Wyre & Preston North,"30,684","18,438","2,551",,,,973,,
645,Wythenshawe & Sale East,"13,581","28,525","1,504",,,"1,475",576,185,
3,Aberdeen North,"8,341","11,031","1,693","15,170",,,,522,
4,Aberdeen South,"18,746","9,143","2,600","13,994",,,,,
6,Airdrie & Shotts,"8,813","14,096",802,"14,298",,,,,
12,Angus,"18,148","5,233","1,308","15,504",,,,,
17,Argyll & Bute,"15,976","6,044","8,745","17,304",,,,,
23,"Ayr, Carrick & Cumnock","18,550","11,024",872,"15,776",,,,,
27,Banff & Buchan,"19,976","3,936","1,448","16,283",,,,,
51,"Berwickshire, Roxburgh & Selkirk","28,213","4,519","2,482","17,153",,,,,
115,"Caithness, Sutherland & Easter Ross","6,690","3,833","11,061","9,017",,,,,
24,Central Ayrshire,"15,504","11,762","1,050","16,771",,,,,
156,"Coatbridge, Chryston & Bellshill","7,318","19,193",922,"17,607",,,,,
173,"Cumbernauld, Kilsyth & Kirkintilloch East","8,010","14,858","1,238","19,122",,605,,,
207,Dumfries & Galloway,"22,344","10,775","1,241","16,701",,,,538,
208,"Dumfriesshire, Clydesdale & Tweeddale","24,177","8,102","1,949","14,736",,,,,
211,Dundee East,"11,746","11,176","1,615","18,391",,,,,
212,Dundee West,"6,257","12,723","1,189","18,045",,,,403,
213,Dunfermline & West Fife,"12,593","17,277","3,019","18,121",,,,,
209,East Dunbartonshire,"7,563","7,531","21,023","15,684",,,,,
223,"East Kilbride, Strathaven & Lesmahagow","13,704","17,157","1,590","21,023",,628,,,
224,East Lothian,"16,540","20,158","1,738","17,075",,,,367,
469,East Renfrewshire,"21,496","14,346","1,112","16,784",,,,,
228,Edinburgh East,"8,081","15,084","1,849","18,509",,,,,
229,Edinburgh North & Leith,"15,385","17,618","2,579","19,243",,,"1,727",,
230,Edinburgh South,"9,428","26,269","1,388","10,755",,,,,
231,Edinburgh South West,"16,478","13,213","2,124","17,575",,,,,
232,Edinburgh West,"11,559","7,876","18,108","15,120",,,,132,
245,Falkirk,"14,088","16,029","1,120","20,952",,712,908,,
262,Glasgow Central,"5,014","13,829","1,045","16,096",,,,,
263,Glasgow East,"6,816","13,949",576,"14,024",,504,,158,148
264,Glasgow North,"4,935","11,537","1,153","12,597",,,"3,251",,
265,Glasgow North East,"4,106","13,637",637,"13,395",,,,,
266,Glasgow North West,"7,002","13,947","1,387","16,508",,,,,
267,Glasgow South,"8,506","16,285","1,447","18,312",,,,,
268,Glasgow South West,"5,524","14,326",661,"14,386",,481,,,
269,Glenrothes,"7,876","14,024","1,208","17,291",,,,,
271,Gordon,"21,861","6,340","6,230","19,254",,,,,
330,Inverclyde,"8,399","14,666",978,"15,050",,,,,
331,"Inverness, Nairn, Badenoch & Strathspey","16,118","8,552","6,477","21,042",,,,612,
342,Kilmarnock & Loudoun,"12,404","13,421",994,"19,690",,,,,
345,Kirkcaldy & Cowdenbeath,"10,762","17,016","1,118","16,757",,540,,,
348,Lanark & Hamilton East,"16,178","16,084","1,214","16,444",,550,,,
369,Linlithgow & East Falkirk,"16,311","17,469","1,926","20,388",,,,,
374,Livingston,"12,799","17,158","1,512","21,036",,,,,
396,Midlothian,"11,521","16,458","1,721","15,573",,,,,
403,Moray,"22,637","5,208","1,078","18,478",,,,204,
406,Motherwell & Wishaw,"8,490","15,832",920,"16,150",,534,,,
407,Na h-Eileanan an Iar,"2,441","5,006",250,"6,013",,,,"1,108",
25,North Ayrshire & Arran,"14,818","13,040","1,124","18,451",,,,,
250,North East Fife,"10,088","4,026","13,741","13,743",,,,224,
436,Ochil & South Perthshire,"22,469","10,847","1,742","19,110",,,,,
441,Orkney & Shetland,"2,024","2,664","11,312","6,749",,283,,245,
445,Paisley & Renfrewshire North,"12,842","14,842","1,476","17,455",,,,,
446,Paisley & Renfrewshire South,"8,122","14,428","1,327","16,964",,,,876,
450,Perth & North Perthshire,"21,783","5,349","2,589","21,804",,,,,
479,"Ross, Skye & Lochaber","9,561","4,695","8,042","15,480",,,,499,177
487,Rutherglen & Hamilton West,"9,941","19,101","2,158","18,836",,465,,371,
533,Stirling,"18,291","10,902","1,683","18,143",,,,337,
5,West Aberdeenshire & Kincardine,"24,704","5,706","4,461","16,754",,,,,
220,West Dunbartonshire,"7,582","16,602","1,009","18,890",,,,,
7,Aldershot,"26,955","15,477","3,637",,,"1,796","1,090",,
18,Arundel & South Downs,"37,573","13,690","4,783",,,"1,668","2,542",,
220,Ashford,"35,318","17,840","3,101",,,"2,218","1,402",,
22,Aylesbury,"32,313","17,617","5,660",,,"1,296","1,237",620,
26,Banbury,"33,388","20,989","3,452",,,"1,581","1,225",927,
34,Basingstoke,"29,510","20,044","3,406",,,"1,681","1,106",,213
39,Beaconsfield,"36,559","12,016","4,448",,,"1,609","1,396",,
54,Bexhill & Battle,"36,854","14,689","4,485",,,"2,006","1,438",,
74,Bognor Regis & Littlehampton,"30,276","12,782","3,352",,,"1,861",993,"2,088",
84,Bracknell,"32,882","16,886","4,186",,,"1,521",,437,
97,"Brighton, Kemptown","18,835","28,703","1,457",,,,,212,
98,"Brighton, Pavilion","11,082","15,450",,,,630,"30,139",376,
108,Buckingham,-,-,-,,,"4,168","8,574","5,683","34,299"
125,Canterbury,"25,385","25,572","4,561",,,,"1,282",,
137,Chatham & Aylesford,"25,587","15,129","1,116",,,"2,225",573,,260
142,Chesham & Amersham,"33,514","11,374","7,179",,,"1,525","1,660",,
145,Chichester,"36,032","13,411","6,749",,,"1,650","1,992",84,
168,Crawley,"25,426","22,969","1,878",,,,,,
177,Dartford,"31,210","18,024","1,428",,,"2,544",807,211,
201,Dover,"27,211","20,774","1,336",,,"1,722",923,,
287,East Hampshire,"35,263","9,411","8,403",,,,"1,760",571,
552,East Surrey,"35,310","11,396","6,197",,,"2,227","1,100","2,973",
638,East Worthing & Shoreham,"25,988","20,882","2,523",,,"1,444","1,273",432,575
225,Eastbourne,"25,315","4,671","26,924",,,,510,,
226,Eastleigh,"28,889",11454,"14,710",,,"1,477",750,,
240,Epsom & Ewell,"35,313","14,838","7,401",,,,"1,714",,
243,Esher & Walton,"35,071","11,773","10,374",,,"1,034","1,074",198,318
246,Fareham,"35,915","14,360","3,896",,,"1,541","1,302",,
247,Faversham & Mid Kent,"30,390","12,977","3,249",,,"1,702","1,431",,
253,Folkestone & Hythe,"32,197","16,786","4,222",,,"2,565","2,498",493,
261,Gillingham & Rainham,"27,091","17,661","1,372",,,"2,097",520,,127
272,Gosport,"30,647","13,436","2,328",,,"1,790","1,024",256,
275,Gravesham,"27,237","17,890","1,210",,,"1,742",723,195,
279,Guildford,"30,295","10,545","13,255",,,,"1,152",57,205
298,Hastings & Rye,"25,668","25,322","1,885",,,"1,479",,412,
299,Havant,"27,676","11,720","2,801",,,"2,011","1,122",984,
305,Henley,"33,749","11,455","8,485",,,"1,154","1,864",,392
319,Horsham,"36,906","13,422","7,644",,,"1,533","1,844",,638
321,Hove,"18,185","36,942","1,311",,,,971,187,
333,Isle of Wight,"38,190","17,121","2,740",,,"1,921","12,915","1,592",
362,Lewes,"26,820","6,060","21,312",,,,,,
383,Maidenhead,"37,718","11,261","6,540",,,871,907,249,693
384,Maidstone & The Weald,"29,136","11,432","8,455",,,"1,613",888,172,
391,Meon Valley,"35,624","9,932","5,900",,,"1,435","1,301",,
555,Mid Sussex,"35,082","15,409","7,855",,,"1,251","1,571",,464
397,Milton Keynes North,"30,307","28,392","2,499",,,"1,390","1,107",,169
398,Milton Keynes South,"30,652","28,927","1,895",,,"1,833","1,179",,
400,Mole Valley,"35,092","7,864","10,955",,,"1,352","1,463",,
409,New Forest East,"32,162","10,167","7,786",,,,"1,251",,
410,New Forest West,"33,170","9,739","4,781",,,,"1,454",,483
412,Newbury,"37,399","8,596","13,019",,,,"1,531",,304
288,North East Hampshire,"37,754","9,982","6,987",,,"1,061","1,476",367,
567,North Thanet,"27,163","16,425","1,586",,,"2,198",825,,128
289,North West Hampshire,"36,471","13,792","5,708",,,"1,467","1,334",,
443,Oxford East,"11,834","35,118","4,904",,,,"1,785",255,
444,Oxford West & Abingdon,"25,440","7,573","26,256",,,751,,,
457,Portsmouth North,"25,860","15,895","2,608",,,"1,926",791,,130
458,Portsmouth South,"16,736","18,290","7,699",,,"1,129",712,,
464,Reading East,"23,344","27,093","3,378",,,,"1,093",188,142
465,Reading West,"25,311","22,435","3,041",,,,979,,
468,Reigate,"30,896","13,282","5,889",,,"1,542","2,214",,
475,Rochester & Strood,"29,232","19,382","1,189",,,"1,893",781,129,163
478,Romsey & Southampton North,"28,668","9,614","10,662",,,,953,,271
485,Runnymede & Weybridge,"31,436","13,386","3,765",,,"1,675","1,347",,
502,Sevenoaks,"32,644","10,727","4,280",,,"1,894","1,673",,
512,Sittingbourne & Sheppey,"30,911","15,700","1,392",,,,558,"2,133",695
515,Slough,"17,172","34,170","1,308",,,"1,228","1,308",417,
568,South Thanet,"25,262","18,875","1,514",,,"2,997",809,181,
554,South West Surrey,"33,683","7,606","5,967",,,"1,083",,,"12,093"
523,"Southampton, Itchen","21,773","21,742","1,421",,,"1,122",725,,
524,"Southampton, Test","16,006","27,514","1,892",,,,,680,816
527,Spelthorne,"28,692","15,267","2,755",,,"2,296","1,105",,
553,Surrey Heath,"37,118","12,175","6,271",,,,"2,258",,
573,Tonbridge & Malling,"36,218","12,710","3,787",,,"1,857","2,335",,
580,Tunbridge Wells,"30,856","14,391","5,355",,,"1,464","1,441",,702
597,Wantage,"34,459","17,079","9,234",,,"1,284","1,546",,
606,Wealden,"37,027","13,399","6,281",,,"1,798","1,959",,
622,Winchester,"29,729","6,700","19,730",,,695,,,149
623,Windsor,"34,718","12,334","5,434",,,,"1,435",,
627,Witney,"33,839","12,598","12,457",,,980,"1,053",,
628,Woking,"29,903","13,179","9,711",,,"1,161","1,092",200,
629,Wokingham,"33,806","15,008","9,512",,,,"1,364",,
639,Worthing West,"30,181","18,091","2,982",,,"1,635","1,614",,
642,Wycombe,"26,766","20,188","4,147",,,"1,210","1,182",,
36,Bath,"17,742","7,279","23,436",,,,"1,125",,
82,Bournemouth East,"25,221","17,284","3,168",,,"1,405","1,236",304,
83,Bournemouth West,"23,812","16,101","2,929",,,,"1,247",,418
95,Bridgwater & West Somerset,"32,111","16,663","6,332",,,"2,102","1,059",,
99,Bristol East,"17,453","30,847","1,389",,,,"1,110",,
100,Bristol North West,"22,639","27,400","2,814",,,,"1,243",,
101,Bristol South,"16,679","32,666","1,821",,,"1,672","1,428",116,
102,Bristol West,"9,877","47,213","5,201",,,,"9,216",,101
118,Camborne & Redruth,"23,001","21,424","2,979",,,,"1,052",,
188,Central Devon,"31,278","15,598","6,770",,,"1,326","1,531",871,470
141,Cheltenham,"26,615","5,408","24,046",,,,943,,
147,Chippenham,"35,230","10,059","4,020",,,,"1,324",,
150,Christchurch,"35,230","10,059","4,020",,,,"1,324",,
187,Devizes,"31,744","10,608","4,706",,,"1,706","1,606",223,
189,East Devon,"29,306","6,857","1,468",,,"1,203",,"21,270",278
244,Exeter,"18,219","34,336","1,562",,,,"1,027",212,
251,Filton & Bradley Stoke,"25,331","21,149","3,052",,,,"1,162",,
254,Forest of Dean,"28,096","18,594","2,029",,,"1,237","1,241",570,
270,Gloucester,"27,208","21,688","2,716",,,"1,495",754,210,
344,Kingswood,"26,754","19,254","1,749",,,,984,,
197,Mid Dorset & North Poole,"28,585","6,423","13,246",,,,,,
420,Newton Abbot,"28,635","11,475","10,601",,,,926,,
162,North Cornwall,"25,835","6,151","18,635",,,,,,323
190,North Devon,"25,517","7,063","21,185",,,"1,187",753,,
198,North Dorset,"36,169","10,392","7,556",,,,"1,607",,
518,North East Somerset,"28,992","18,757","4,461",,,,"1,245",588,
517,North Somerset,"33,605","16,502","5,982",,,,"1,976","3,929",
561,North Swindon,"29,431","21,096","1,962",,,"1,564",858,,
619,North Wiltshire,"32,398","9,399","9,521",,,,,,
452,"Plymouth, Moor View","23,548","18,548",917,,,"1,849",536,,
453,"Plymouth, Sutton & Devonport","17,806","23,808","1,106",,,"1,148",213,540,
455,Poole,"28,888","14,679","4,433",,,,"1,299",,551
496,Salisbury,"30,952","13,619","5,982",,,"1,191","1,152",415,
519,Somerton & Frome,"36,231","10,998","13,325",,,,"2,047",991,
199,South Dorset,"29,135","17,440","3,053",,,,"2,278",,
163,South East Cornwall,"29,493","12,050","10,336",,,,"1,335",,
561,South Swindon,"24,809","22,345","2,079",,,"1,291",747,,
191,South West Devon,"31,634","15,818","2,732",,,"1,540","1,133",,
620,South West Wiltshire,"32,841","14,515","5,360",,,,"1,445",590,
491,St Austell & Newquay,"26,856","15,714","11,642",,,,,,
494,St Ives,"22,120","7,298","21,808",,,,,,
546,Stroud,"29,307","29,994","2,053",,,"1,039","1,423",,
564,Taunton Deane,"33,333","9,689","17,446",,,"1,434","1,151",,
566,Tewkesbury,"35,448","12,874","7,981",,,"1,205","1,576",,
164,The Cotswolds,"36,201","10,702","9,748",,,"1,197","1,747",107,
570,Thornbury & Yate,"28,008","6,112","15,937",,,,633,,
572,Tiverton & Honiton,"35,471","15,670","4,639",,,,"2,035",,
575,Torbay,"27,141","9,310","12,858",,,"1,213",652,,
192,Torridge & West Devon,"33,612","12,926","10,526",,,,"1,622",794,
577,Totnes,"26,972","13,495","6,466",,,"1,240","2,097",,
579,Truro & Falmouth,"25,123","21,331","8,465",,,897,831,,
609,Wells,"30,488","7,129","23,906",,,,,,320
200,West Dorset,"33,081","10,896","13,990",,,,"1,631",,
617,Weston-Super-Mare,"29,982","18,438","5,175",,,"1,932",888,,
646,Yeovil,"32,369","7,418","17,646",,,,"1,052",919,
1,Aberavon,"5,901","22,662",599,,"2,761","1,345",,,
2,Aberconwy,"14,337","13,702",941,,"3,170",,,,
10,Alyn & Deeside,"18,080","23,315","1,071",,"1,171","1,117",,,
16,Arfon,"4,614","11,427",648,,"11,519",,,,
71,Blaenau Gwent,"4,783","18,787",295,,"6,880",973,,666,
89,Brecon & Radnorshire,"20,081","7,335","12,043",,"1,299",576,,,
94,Bridgend,"17,213","21,913",919,,"1,783",781,,646,
114,Caerphilly,"10,413","22,491",725,,"5,962","1,259",447,,
126,Cardiff Central,"7,997","25,193","5,415",,999,343,420,,
127,Cardiff North,"21,907","26,081","1,714",,"1,738",582,,,
128,Cardiff South & Penarth,"15,318","30,182","1,430",,"2,162",942,532,170,
129,Cardiff West,"13,874","26,425","1,214",,"4,418",698,,,
131,Carmarthen East & Dinefwr,"10,778","12,219",920,,"16,127",985,,,
132,Carmarthen West & South Pembrokeshire,"19,771","16,661",956,,"3,933",905,,,
135,Ceredigion,"7,307","8,017","11,519",,"11,623",602,542,,157
154,Clwyd South,"14,646","19,002",731,,"2,293",802,,,
155,Clwyd West,"19,541","16,104","1,091",,"3,918",,,,
174,Cynon Valley,"6,166","19,404",585,,"4,376","1,271",,,
179,Delyn,"16,333","20,573","1,031",,"1,481",,,,
217,Dwyfor Meirionnydd,"8,837","6,273",937,,"13,687",614,,,
273,Gower,"19,458","22,727",931,,"1,669",642,,149,
336,Islwyn,"9,826","21,238",685,,"2,739","1,605",,,
375,Llanelli,"9,544","21,568",548,,"7,351","1,331",,,
393,Merthyr Tydfil & Rhymney,"6,073","22,407",841,,"2,740","1,484",,,
401,Monmouth,"26,411","18,205","2,064",,"1,338",762,954,,
402,Montgomeryshire,"18,075","5,542","8,790",,"1,960",,524,,
408,Neath,"9,082","21,713",732,,"5,339","1,419",,,
417,Newport East,"12,801","20,804",966,,881,"1,180",,188,
418,Newport West,"17,065","22,723",976,,"1,077","1,100",497,,
437,Ogmore,"9,354","23,225",594,,"2,796","1,235",,,
454,Pontypridd,"10,655","22,103","1,963",,"4,102","1,071",,,
459,Preseli Pembrokeshire,"18,302","17,988","1,106",,"2,711",850,,"1,209",31
470,Rhondda,"3,333","21,096",277,,"7,350",880,,,
558,Swansea East,"9,139","22,307",625,,,"1,040",359,"1,689",
559,Swansea West,"11,680","22,278","1,269",,"1,529",,434,,92
576,Torfaen,"11,894","22,134",852,,"2,059","1,490",,,
588,Vale of Clwyd,"17,044","19,423",666,,"1,551",,,,
589,Vale of Glamorgan,"25,501","23,311","1,020",,"2,295",868,419,,304
641,Wrexham,"15,321","17,153",855,,"1,753",,,,
647,Ynys MÃ´n,"10,384","15,643",479,,"10,237",624,,,
8,Aldridge-Brownhills,"26,317","12,010","1,343",,,,,565,
57,"Birmingham, Edgbaston","17,207","24,124","1,564",,,,562,,
58,"Birmingham, Erdington","14,286","21,571",750,,,,610,,
59,"Birmingham, Hall Green","8,199","42,143","3,137",,,,831,,
60,"Birmingham, Hodge Hill","6,580","37,606",805,,,"1,016",387,,
61,"Birmingham, Ladywood","5,452","34,166","1,156",,,,533,,
62,"Birmingham, Northfield","18,929","23,596",959,,,,864,,
63,"Birmingham, Perry Barr","11,726","30,109","1,080",,,,591,,693
64,"Birmingham, Selly Oak","15,629","30,836","1,644",,,,876,,
65,"Birmingham, Yardley","8,824","25,398","7,984",,,"1,916",280,100,
105,Bromsgrove,"33,493","16,920","2,488",,,"1,139",,,
110,Burton,"28,936","18,889","1,262",,,,824,,
124,Cannock Chase,"26,318","17,927",794,,,"2,018",815,,
165,Coventry North East,"13,919","29,499","1,157",,,"1,350",502,81,
166,Coventry North West,"18,314","26,894","1,286",,,"1,525",666,"1,164",
168,Coventry South,"17,927","25,874","1,343",,,"1,037",604,224,
204,Dudley North,"18,068","18,090",368,,,"2,144",240,,
205,Dudley South,"21,588","13,858",625,,,"1,791",382,,
282,Halesowen & Rowley Regis,"23,012","17,759",859,,,"2,126",440,183,
306,Hereford & South Herefordshire,"27,004","11,991","3,556",,,"1,153","1,220","5,560",
339,Kenilworth & Southam,"31,207","13,121","4,921",,,929,"1,133",,
367,Lichfield,"34,018","15,437","2,653",,,,"1,416",,
379,Ludlow,"31,433","12,147","5,336",,,,"1,054",,
392,Meriden,"33,873","14,675","2,663",,,"2,016","1,416",,
634,Mid Worcestershire,"35,967","12,641","3,450",,,"1,660","1,371",,
413,Newcastle-under-Lyme,"21,094","21,124","1,624",,,,,,
307,North Herefordshire,"31,097","9,495","5,874",,,,"2,771",577,363
511,North Shropshire,"33,642","17,287","2,948",,,,"1,722",,
602,North Warwickshire,"26,860","18,350","1,028",,,,940,,
435,Nuneaton,"23,755","19,016",914,,,"1,619",763,,
467,Redditch,"23,652","16,289","1,173",,,"1,371",380,,"2,248"
483,Rugby,"27,872","19,660","2,851",,,,953,,
510,Shrewsbury & Atcham,"29,073","22,446","4,254",,,"1,363","1,067",,
516,Solihull,"32,985","12,414","8,901",,,"1,291","1,157",,
530,South Staffordshire,"35,656","12,923","1,348",,,,"1,182",,
528,Stafford,"28,424","20,695","1,540",,,,"1,265",,
529,Staffordshire Moorlands,"25,963","15,133","1,494",,,,541,"1,524",
537,Stoke-on-Trent Central,"13,186","17,083",680,,,"1,608",378,210,
538,Stoke-on-Trent North,"18,913","21,272",916,,,,685,,
539,Stoke-on-Trent South,"20,451","19,788",808,,,,643,,
540,Stone,"31,614","14,119","2,222",,,"1,370",707,,
541,Stourbridge,"25,706","18,052","1,083",,,"1,801",493,,
543,Stratford-on-Avon,"32,657","11,699","6,357",,,,"1,345",255,219
557,Sutton Coldfield,"32,224","16,885","2,302",,,,965,482,
562,Tamworth,"28,748","16,401","1,961",,,,,,
565,Telford,"21,777","21,057",954,,,,898,,
640,The Wrekin,"27,451","17,887","1,345",,,"1,656",804,380,
593,Walsall North,"18,919","16,318",586,,,"2,295",,,
594,Walsall South,"25,286","16,394",587,,,"1,805",804,,
598,Warley,"10,521","27,004",777,,,"1,349",555,,
601,Warwick & Leamington,"24,021","25,227","2,810",,,799,"1,198",,
612,West Bromwich East,"14,951","22,664",625,,,,533,325,
613,West Bromwich West,"14,329","18,789",333,,,"2,320",323,,
635,West Worcestershire,"34,703","13,375","5,307",,,"1,481","1,605",,
630,Wolverhampton North East,"14,695","19,282",570,,,"1,479",482,,
631,Wolverhampton South East,"12,623","21,137",448,,,"1,675",421,,
632,Wolverhampton South West,"18,714","20,889",784,,,"1,012",579,358,
633,Worcester,"24,713","22,223","1,757",,,"1,354","1,211",109,38
644,Wyre Forest,"29,859","16,525","1,943",,,"1,777","1,025",,
29,Barnsley Central,"9,436","24,982",549,,,"3,339",572,211,
30,Barnsley East,"10,997","24,218",750,,,"3,247",,"1,215",287
37,Batley & Spen,"20,883","29,844","1,224",,,,695,"1,076",58
53,Beverley & Holderness,"32,499","18,457","2,808",,,,756,"1,158",
85,Bradford East,"9,291","29,831",843,,,"1,372",289,"3,576",420
86,Bradford South,"15,664","22,364",516,,,"1,758",370,377,
87,Bradford West,"7,542","29,444",712,,,885,481,"6,345",106
96,Brigg & Goole,"27,219","14,856",836,,,"1,596",550,,
116,Calder Valley,"26,790","26,181","1,952",,,"1,466",631,"1,034",
153,Cleethorpes,"27,321","16,921","1,110",,,"2,022",470,,
158,Colne Valley,"27,903","28,881","2,494",,,,892,313,
193,Dewsbury,"25,493","28,814","1,214",,,,"1,024",,
194,Don Valley,"19,182","24,351",856,,,,,"1,599",
195,Doncaster Central,"14,784","24,915",973,,,,,"1,346","1,006"
196,Doncaster North,"11,687","25,711",706,,,"2,738",,741,729
650,East Yorkshire,"31,442","16,436","2,134",,,"1,986",943,,"1,015"
235,Elmet & Rothwell,"32,352","22,547","2,606",,,,995,"1,042",
276,Great Grimsby,"14,980","17,545",954,,,"1,648",,394,
283,Halifax,"20,131","25,507","1,070",,,"1,568",,,
284,Haltemprice & Howden,"31,355","15,950","2,482",,,,711,942,
293,Harrogate & Knaresborough,"31,477","11,395","13,309",,,,,559,
303,Hemsworth,"15,566","25,740",912,,,"2,591",,"1,135",
322,Huddersfield,"14,465","26,470","1,155",,,,"1,395",274,75
338,Keighley,"23,817","24,066","1,226",,,"1,291",790,534,
323,Kingston upon Hull East,"10,959","21,355","1,258",,,"2,573",493,,
324,Kingston upon Hull North,"9,363","23,625","1,869",,,"1,601",644,,
325,Kingston upon Hull West & Hessle,"10,317","18,342","2,210",,,"1,399",332,"1,898",67
351,Leeds Central,"9,755","33,453","1,063",,,"2,056","1,189",157,
352,Leeds East,"12,676","25,428",739,,,"1,742",434,422,
353,Leeds North East,"16,445","33,436","1,952",,,,680,303,183
354,Leeds North West,"9,097","20,416","16,192",,,,582,,
355,Leeds West,"11,048","27,013",905,,,"1,815","1,023",378,47
405,Morley & Outwood,"26,550","24,446","1,361",,,,,,
426,"Normanton, Pontefract & Castleford","14,769","29,268",693,,,"3,030",,693,
448,Penistone & Stocksbridge,"21,485","22,807","2,042",,,"3,453",,,
461,Pudsey,"25,550","25,219","1,761",,,,,291,"1,138"
472,Richmond (Yorks),"36,458","13,350","3,360",,,,"1,739","2,106",
481,Rother Valley,"19,939","23,821","1,155",,,"3,704",869,,
482,Rotherham,"10,017","21,404","1,754",,,"3,316",,"1,432",
497,Scarborough & Whitby,"24,401","20,966","1,354",,,"1,682",915,680,451
498,Scunthorpe,"17,485","20,916",554,,,"1,274",,,
501,Selby & Ainsty,"32,921","19,149","2,293",,,"1,713",,,
504,Sheffield Central,"6,215","33,963","2,465",,,"1,060","3,848",,326
507,Sheffield South East,"13,722","25,520","1,432",,,"2,820",,,102
503,"Sheffield, Brightside & Hillsborough","9,050","28,193","1,061",,,"2,645",737,,184
505,"Sheffield, Hallam","13,561","21,881","19,706",,,929,823,70,
506,"Sheffield, Heeley","26,524","12,696","2,022",,,"1,977",943,,64
509,Shipley,"27,417","22,736","2,202",,,,,,"1,040"
513,Skipton & Ripon,"36,425","16,440",,,,,"3,734","1,539",
569,Thirsk & Malton,"33,572","14,571","3,859",,,"1,532","1,100",753,542
591,Wakefield,"20,811","22,987",943,,,,,"1,176",367
611,Wentworth & Dearne,"13,744","28,547","1,656",,,,,,
648,York Central,"16,019","34,594","2,475",,,,,,
649,York Outer,"29,356","21,067","5,910",,,,"1,094",,